timestamp,signal_value,is_anomaly,rolling_mean,rolling_std
2025-10-17 12:00:09,0.2803567083117429,0,0.1295025746070539,0.12049184081613731
2025-10-17 12:00:10,0.2666908613262916,0,0.15703612587110286,0.11681873844192911
2025-10-17 12:00:11,0.3292415010988236,0,0.19461743812962945,0.10375965016595473
2025-10-17 12:00:12,0.3672377297122388,0,0.23176550781521818,0.09027556485561977
2025-10-17 12:00:13,0.3177142361810701,0,0.25555047734224207,0.07601398328759118
2025-10-17 12:00:14,0.3808393437882807,0,0.2737955387328507,0.08239750733041497
2025-10-17 12:00:15,0.4567753213453785,0,0.3028210063503587,0.0910757092144973
2025-10-17 12:00:16,0.5107454117319095,0,0.33356143116281484,0.1046367501538896
2025-10-17 12:00:17,0.4721300425733394,0,0.3672053275641566,0.08645429834652738
2025-10-17 12:00:18,0.5165432370037292,0,0.3898274393072804,0.0934179946089509
2025-10-17 12:00:19,0.5892109258792919,0,0.4207128610640353,0.10369460312368653
2025-10-17 12:00:20,0.6303671451920478,0,0.45708048945061097,0.10738261547599318
2025-10-17 12:00:21,0.6137177776030054,0,0.48552811710102917,0.10743421390979721
2025-10-17 12:00:22,0.651616829215762,0,0.5139660270513814,0.11024452124741302
2025-10-17 12:00:23,0.726499589790583,0,0.5548445624123327,0.10505548455929266
2025-10-17 12:00:24,0.6050091225479709,0,0.5772615402883018,0.08598666016576904
2025-10-17 12:00:25,0.7791679320637801,0,0.6095008013601418,0.09568403679600859
2025-10-17 12:00:26,0.7443943803539057,0,0.6328656982223416,0.09740144916645516
2025-10-17 12:00:27,0.7679443363836748,0,0.6624471276033751,0.08758681949667305
2025-10-17 12:00:28,0.8407017198489144,0,0.6948629758878936,0.08757342361339868
2025-10-17 12:00:29,0.7842923095894518,0,0.7143711142589095,0.08303380579191394
2025-10-17 12:00:30,0.8485128375587365,0,0.7361856834955784,0.08706963811905609
2025-10-17 12:00:31,0.871731164630048,0,0.7619870221982827,0.08494913225205658
2025-10-17 12:00:32,0.8851933020864535,0,0.7853446694853519,0.08332640415885846
2025-10-17 12:00:33,0.8315103921680239,0,0.795845749723096,0.08168735136369588
2025-10-17 12:00:34,0.9616490566628272,0,0.8315097431345816,0.06532680614960401
2025-10-17 12:00:35,0.8672452108421391,0,0.8403174710124175,0.06339463890563078
2025-10-17 12:00:36,0.7834106111323378,0,0.8442190940902607,0.057787779303328894
2025-10-17 12:00:37,0.8635433375952581,0,0.8537789942114189,0.051312244317261564
2025-10-17 12:00:38,0.9053139366163122,0,0.8602402158881588,0.05350376838258198
2025-10-17 12:00:39,0.8026651551272346,0,0.8620775004419372,0.050855925127739544
2025-10-17 12:00:40,0.9171226258877072,0,0.8689384792748343,0.05338764061729743
2025-10-17 12:00:41,1.0060977787667735,0,0.8823751406885068,0.06884087705418518
2025-10-17 12:00:42,0.9099155487318468,0,0.884847365353046,0.06939501284987928
2025-10-17 12:00:43,0.9299464889520204,0,0.8946909750314458,0.06795516659432585
2025-10-17 12:00:44,1.050950688588055,0,0.9036211382239685,0.08212279237036266
2025-10-17 12:00:45,0.9450241223326508,0,0.9113990293730196,0.0819779240834602
2025-10-17 12:00:46,1.062473109468012,0,0.9393052792065871,0.08106113948287832
2025-10-17 12:00:47,1.0260879000509004,0,0.9555597354521513,0.08047598193378626
2025-10-17 12:00:48,1.054985229031284,0,0.9705268646936484,0.08393654475544782
2025-10-17 12:00:49,1.0474874250520372,0,0.9950090916861288,0.06250304155830655
2025-10-17 12:00:50,0.9971373206522692,0,1.003010561162585,0.05623133221344725
2025-10-17 12:00:51,0.9666246999800004,0,0.9990632532839075,0.05736457684462273
2025-10-17 12:00:52,1.0161287786696207,0,1.009684576277685,0.048111035922091594
2025-10-17 12:00:53,1.0251302041256816,0,1.0192029477950513,0.03916696011706876
2025-10-17 12:00:54,1.044840491073465,0,1.0185919280435922,0.038661045585439015
2025-10-17 12:00:55,1.0593103086695324,0,1.0300205466772803,0.030535442534077962
2025-10-17 12:00:56,0.9226308789200152,0,1.0160363236224805,0.043353208546687665
2025-10-17 12:00:57,0.9066917843565572,0,1.0040967120530462,0.05512123714133779
2025-10-17 12:00:58,1.0299245708171134,0,1.0015906462316293,0.05308252539940244
2025-10-17 12:00:59,0.9485094762653756,0,0.991692851352963,0.052800698006012524
2025-10-17 12:01:00,0.8701892999145122,0,0.9789980492791873,0.06516058297142274
2025-10-17 12:01:01,0.8687161770598134,0,0.9692071969871687,0.07398460638678711
2025-10-17 12:01:02,0.9688894452248054,0,0.9644832636426871,0.07214091805166917
2025-10-17 12:01:03,0.9128880966537516,0,0.9532590528954941,0.07036649243128049
2025-10-17 12:01:04,0.8803336039599071,0,0.9368083641841383,0.06564864304823
2025-10-17 12:01:05,0.9636391765132346,0,0.9272412509685086,0.051191979125852126
2025-10-17 12:01:06,0.8425383194861926,0,0.9192319950251264,0.057828691269032305
2025-10-17 12:01:07,0.8703202277624189,0,0.9155948393657125,0.05981474445248297
2025-10-17 12:01:08,0.9098481384752038,0,0.9035871961315216,0.04437233247346567
2025-10-17 12:01:09,0.8799629389999319,0,0.8967325424049772,0.041886575014102985
2025-10-17 12:01:10,0.7839694406372049,0,0.8881105564772465,0.05483100651872703
2025-10-17 12:01:11,0.7711622476316206,0,0.8783551635344272,0.06617068968196874
2025-10-17 12:01:12,0.721861191135426,0,0.8536523381254891,0.07423585010033039
2025-10-17 12:01:13,0.7096380369530046,0,0.8333273321554145,0.08346578682843865
2025-10-17 12:01:14,0.7351804703795582,0,0.8188120187973796,0.08693235672169036
2025-10-17 12:01:15,0.6745567999876554,0,0.7899037811448217,0.08130389652183935
2025-10-17 12:01:16,0.6516474596101248,0,0.7708146951572148,0.08956276265290133
2025-10-17 12:01:17,0.604754899360731,0,0.7442581623170461,0.09592555358899389
2025-10-17 12:01:18,0.6286648011608826,0,0.7161398285856141,0.08222650593411172
2025-10-17 12:01:19,0.4736931332056288,0,0.6755128480061837,0.09206740138979835
2025-10-17 12:01:20,0.5492858048699161,0,0.6520444844294548,0.09125693315038882
2025-10-17 12:01:21,0.5660522863211157,0,0.6315334882984043,0.08429383635992728
2025-10-17 12:01:22,0.4845768113813934,0,0.607805050323001,0.08929093579580782
2025-10-17 12:01:23,0.5772411598979291,0,0.5945653626174935,0.08203464164211721
2025-10-17 12:01:24,0.4673808463238765,0,0.5677854002119254,0.07438546053693199
2025-10-17 12:01:25,0.4080576355165112,0,0.5411354837648109,0.07944908725562433
2025-10-17 12:01:26,0.3599468404501996,0,0.5119654218488183,0.08750677417008744
2025-10-17 12:01:27,0.4002423620107307,0,0.4915141681138183,0.08730949859246563
2025-10-17 12:01:28,0.3588879088886644,0,0.46453647888659655,0.08172311534188782
2025-10-17 12:01:29,0.3333716479505656,0,0.4505043303610902,0.0914448011184842
2025-10-17 12:01:30,0.3426041476216682,0,0.4298361646362654,0.08998290198647421
2025-10-17 12:01:31,0.2910001333332691,0,0.4023309493374808,0.0856527530490582
2025-10-17 12:01:32,0.2964646412527758,0,0.383519732324619,0.0862375410988845
2025-10-17 12:01:33,0.2345649554795857,0,0.34925211188278465,0.06654076226852931
2025-10-17 12:01:34,0.2323249123386825,0,0.3257465184842653,0.061501129413206304
2025-10-17 12:01:35,0.2265290833360776,0,0.3075936632662219,0.06129638216305707
2025-10-17 12:01:36,0.1368907420103808,0,0.28528805342224006,0.07834287038072336
2025-10-17 12:01:37,-4.943662807665432,1,-0.24910246354537624,1.6508657262988042
2025-10-17 12:01:38,0.0129543653437002,0,-0.28369581789987264,1.6403005586156278
2025-10-17 12:01:39,-0.0049742221580307,0,-0.31753040491073226,1.6296127345372071
2025-10-17 12:01:40,-0.0514589144514899,0,-0.3569367111180481,1.616588548696555
2025-10-17 12:01:41,-0.0367056272764917,0,-0.38970728717902414,1.605276490829838
2025-10-17 12:01:42,-0.0445541957659964,0,-0.4238091708809013,1.5926526741579639
2025-10-17 12:01:43,-0.1280029742768283,0,-0.46006596385654275,1.5800767256280193
2025-10-17 12:01:44,-0.0775176794120036,0,-0.4910502230316114,1.5679824244752327
2025-10-17 12:01:45,-0.1982158728163556,0,-0.5335247186468547,1.5520563785267532
2025-10-17 12:01:46,-0.1859016232367624,0,-0.565803955171569,1.539872882726157
2025-10-17 12:01:47,-0.1883738777168424,0,-0.09027506217671008,0.0791654420099814
2025-10-17 12:01:48,-0.2855217195612486,0,-0.12012267066720497,0.09126314216797404
2025-10-17 12:01:49,-0.2586258478894458,0,-0.14548783324034648,0.09095218539205276
2025-10-17 12:01:50,-0.2846112483528031,0,-0.16880306663047778,0.09400271049987012
2025-10-17 12:01:51,-0.3574246415110342,0,-0.20087496805393204,0.0985285534752265
2025-10-17 12:01:52,-0.367362706416904,0,-0.23315581911902278,0.09441770806777255
2025-10-17 12:01:53,-0.3836160653337044,0,-0.2587171282247104,0.09734228957170267
2025-10-17 12:01:54,-0.3908578939014026,0,-0.2900511496736503,0.08171048127621648
2025-10-17 12:01:55,-0.421653967136361,0,-0.31239495910565085,0.084315907318746
2025-10-17 12:01:56,-0.5273755843005199,0,-0.34654235521202664,0.09576487910173559
2025-10-17 12:01:57,-0.6224491152460998,0,-0.3899498789649523,0.1129421436941534
2025-10-17 12:01:58,-0.5580599602404901,0,-0.41720370303287646,0.1177244428914149
2025-10-17 12:01:59,-0.6202021238111302,0,-0.45336133062504497,0.11912602218401626
2025-10-17 12:02:00,-0.5985656916660392,0,-0.48475677495636854,0.11079012160301778
2025-10-17 12:02:01,-0.6422685145888456,0,-0.5132411622641497,0.11103199344463995
2025-10-17 12:02:02,-0.5560729390124598,0,-0.5321121855237052,0.09885219839348738
2025-10-17 12:02:03,-0.6568486706871702,0,-0.5594354460590518,0.090669302352411
2025-10-17 12:02:04,-0.8143232321243749,0,-0.6017819798813491,0.10143712043967791
2025-10-17 12:02:05,-0.7897678921707245,0,-0.6385933723847854,0.09542141658700286
2025-10-17 12:02:06,-0.7325012645272567,0,-0.6591059404074591,0.09079210810213648
2025-10-17 12:02:07,-0.690210230913523,0,-0.6658820519742015,0.09027947916208501
2025-10-17 12:02:08,-0.7361560858518658,0,-0.6836916645353389,0.08399369857040469
2025-10-17 12:02:09,-0.8118563420334561,0,-0.7028570863575716,0.08957715571655304
2025-10-17 12:02:10,-0.7859258217738021,0,-0.7215930993683479,0.08480693066407778
2025-10-17 12:02:11,-0.7600851063577866,0,-0.7333747585452419,0.08064401150184329
2025-10-17 12:02:12,-0.8945756762821392,0,-0.76722503227221,0.06800530998521041
2025-10-17 12:02:13,-0.9090225364280272,0,-0.7924424188462955,0.06927154683438849
2025-10-17 12:02:14,-0.8137660840763641,0,-0.7923867040414945,0.06925221414446618
2025-10-17 12:02:15,-0.9996928809416308,0,-0.8133792029185851,0.0952919287648275
2025-10-17 12:02:16,-0.9422735851718556,0,-0.834356434983045,0.0985433031698627
2025-10-17 12:02:17,-0.8736038222981174,0,-0.8526957941215045,0.08485016317928414
2025-10-17 12:02:18,-0.956411699036731,0,-0.8747213554399911,0.07966609730537692
2025-10-17 12:02:19,-0.8801623990625468,0,-0.8815519611429,0.0765442550578427
2025-10-17 12:02:20,-0.9667533105256036,0,-0.8996347100180803,0.07270660995352625
2025-10-17 12:02:21,-0.9402825283554488,0,-0.9176544522178466,0.05427021112788837
2025-10-17 12:02:22,-0.9661280684816338,0,-0.924809691437796,0.05559015643762994
2025-10-17 12:02:23,-1.0182592604252552,0,-0.9357333638375188,0.06245239158174485
2025-10-17 12:02:24,-0.9612888759405752,0,-0.9504856430239398,0.04558688942020379
2025-10-17 12:02:25,-1.029435548942397,0,-0.9534599098240164,0.04991854824962763
2025-10-17 12:02:26,-1.0163500865284432,0,-0.9608675599596751,0.053445778126081395
2025-10-17 12:02:27,-0.9530825714409378,0,-0.9688154348739572,0.04412358877134126
2025-10-17 12:02:28,-1.0486706520268037,0,-0.9780413301729645,0.05043571417346604
2025-10-17 12:02:29,-0.9902204623180896,0,-0.9890471364985188,0.036894172610352764
2025-10-17 12:02:30,-1.09846661772758,0,-1.0022184672187164,0.04943164575669744
2025-10-17 12:02:31,-0.9990166219604404,0,-1.0080918765792155,0.04449795293039915
2025-10-17 12:02:32,-1.037746613687576,0,-1.0152537310998098,0.04272148948732155
2025-10-17 12:02:33,-0.9931089829389522,0,-1.0127387033511792,0.043261779378512506
2025-10-17 12:02:34,-0.950078859688624,0,-1.0116177017259844,0.04485883886117259
2025-10-17 12:02:35,-0.9909359571302854,0,-1.007767742544773,0.04481179884172149
2025-10-17 12:02:36,-0.943852173947568,0,-1.0005179512866857,0.04894307848791717
2025-10-17 12:02:37,-1.0179833424077729,0,-1.0070080283833693,0.04617904527857123
2025-10-17 12:02:38,-0.9778816048921304,0,-0.9999291236699019,0.04447721441951553
2025-10-17 12:02:39,-1.025316796302356,0,-1.0034387570683285,0.04500753513852614
2025-10-17 12:02:40,-1.0045264598477444,0,-0.994044741280345,0.030403796259357036
2025-10-17 12:02:41,-1.0143266430935856,0,-0.9955757433936594,0.03106036007478829
2025-10-17 12:02:42,-0.9821165009554054,0,-0.9900127321204424,0.027438844471105218
2025-10-17 12:02:43,-0.8984570847710232,0,-0.9805475423036496,0.039795258348125445
2025-10-17 12:02:44,-0.919179829952572,0,-0.9774576393300443,0.043455141337543496
2025-10-17 12:02:45,-0.9712137039584234,0,-0.975485414012858,0.043222381970939444
2025-10-17 12:02:46,-0.921543568769166,0,-0.973254553495018,0.045549560473476094
2025-10-17 12:02:47,-0.8661779626925077,0,-0.9580740155234914,0.0535756023901205
2025-10-17 12:02:48,-0.910460150283901,0,-0.9513318700626685,0.055028559105943516
2025-10-17 12:02:49,-0.8714678641245968,0,-0.9359469768448925,0.053531736792348565
2025-10-17 12:02:50,-0.7360483455604658,0,-0.9090991654161646,0.07734417245258081
2025-10-17 12:02:51,-0.73794641640451,0,-0.8814611427472572,0.08460426018745218
2025-10-17 12:02:52,-0.8446259984505947,0,-0.8677120924967759,0.07728438858329076
2025-10-17 12:02:53,-0.7641558448540303,0,-0.8542819685050768,0.08281897933298447
2025-10-17 12:02:54,-0.7146027579914195,0,-0.8338242613089616,0.08996556231992098
2025-10-17 12:02:55,-0.6900286459866831,0,-0.8057057555117876,0.08611299939522751
2025-10-17 12:02:56,-0.6516277019805915,0,-0.77871416883293,0.08805000351370437
2025-10-17 12:02:57,-0.6259280427344471,0,-0.754689176837124,0.09410213762878171
2025-10-17 12:02:58,-0.6239039310436396,0,-0.7260335549130978,0.08454167179361502
2025-10-17 12:02:59,-0.5639701967004941,0,-0.6952837881706875,0.08163847177180916
2025-10-17 12:03:00,-0.6090902872050178,0,-0.6825879823351427,0.08441912386718242
2025-10-17 12:03:01,-0.5065235402233252,0,-0.6594456947170243,0.09815960532727645
2025-10-17 12:03:02,-0.5942244892811945,0,-0.6344055438000843,0.07484037994311936
2025-10-17 12:03:03,-0.5690362925479955,0,-0.6148935885694808,0.061500295073124614
2025-10-17 12:03:04,-0.5236866564930744,0,-0.5958019784196463,0.05654149592956517
2025-10-17 12:03:05,-0.470963291709908,0,-0.5738954429919688,0.05838524997497208
2025-10-17 12:03:06,-0.4187221925240079,0,-0.5506048920463104,0.06935534319843553
2025-10-17 12:03:07,-0.4162142740267051,0,-0.5296335151755363,0.07548417595400624
2025-10-17 12:03:08,-0.41200530529401,0,-0.5084436526005732,0.0758215222066689
2025-10-17 12:03:09,-0.3240634038032164,0,-0.4844529733108455,0.09243465030117018
2025-10-17 12:03:10,-0.3228547725808294,0,-0.4558294218484266,0.09385800307314321
2025-10-17 12:03:11,-0.2281666658886945,0,-0.4279937344149635,0.11585244664003591
2025-10-17 12:03:12,-0.3005389861625305,0,-0.39862518410309716,0.10582114682951779
2025-10-17 12:03:13,-0.1605596995077075,0,-0.3577775247990683,0.1114215979536324
2025-10-17 12:03:14,-0.140360140664422,0,-0.31944487321620313,0.1139120077494653
2025-10-17 12:03:15,-0.1292539580058631,0,-0.28527393984579863,0.1146597555074701
2025-10-17 12:03:16,-0.0760681423657955,0,-0.2510085348299774,0.12135310532339992
2025-10-17 12:03:17,-0.0861747477997998,0,-0.21800458220728686,0.11620088818777716
2025-10-17 12:03:18,-0.0006213340523447,0,-0.17686618508312033,0.11265450456122725
2025-10-17 12:03:19,-0.0516470463041871,0,-0.1496245493332174,0.10583586921671703
2025-10-17 12:03:20,-0.072516798354473,0,-0.12459075191058178,0.08849423446149181
2025-10-17 12:03:21,0.0298950368904299,0,-0.09878458163266932,0.092471839880085
2025-10-17 12:03:22,0.1206301088930887,0,-0.0566676721271074,0.0860613453981075
2025-10-17 12:03:23,0.1175506386972106,0,-0.0288566383066156,0.09338268159518734
2025-10-17 12:03:24,0.1654843551118086,0,0.0017278112710074594,0.10245011367181718
2025-10-17 12:03:25,0.1087377050733602,0,0.02552697757892979,0.09608741531744498
2025-10-17 12:03:26,0.1869452405952716,0,0.0518283158750365,0.10105653297835701
2025-10-17 12:03:27,0.2482975022591746,0,0.08527554088093395,0.10555668973342393
2025-10-17 12:03:28,0.1990732819420073,0,0.10524500248036914,0.10638702485051227
2025-10-17 12:03:29,0.3545098487630014,0,0.145860691987088,0.11684999775986236
2025-10-17 12:03:30,0.2119656889651041,0,0.1743089407190457,0.08911503898940608
2025-10-17 12:03:31,0.3653922070219706,0,0.20785865773219978,0.09181806617926386
2025-10-17 12:03:32,0.4926861946740422,0,0.24506426631029515,0.1227238763617162
2025-10-17 12:03:33,0.3150444473156534,0,0.2648136471721394,0.11560827946390768
2025-10-17 12:03:34,0.4573761703589307,0,0.29400282869685157,0.12426736517126466
2025-10-17 12:03:35,0.3725948841292588,0,0.3203885466024415,0.10743105617164975
2025-10-17 12:03:36,0.3992165317821525,0,0.34161567572112955,0.09875542837094554
2025-10-17 12:03:37,0.4769233548036532,0,0.3644782609755774,0.10118553924450725
2025-10-17 12:03:38,0.5334490637350222,0,0.3979158391548789,0.095544189265097
2025-10-17 12:03:39,0.5917162649754812,0,0.4216364807761269,0.11165724615886505
2025-10-17 12:03:40,0.5483003255442942,0,0.4552699444340459,0.09004681216798059
2025-10-17 12:03:41,0.6357723172590245,0,0.4823079554577513,0.10009351957405403
2025-10-17 12:03:42,0.6692090625120086,0,0.4999602422415479,0.1163694774932157
2025-10-17 12:03:43,0.6802449117098652,0,0.5364802886809692,0.10895884571772281
2025-10-17 12:03:44,0.720391474498964,0,0.5627818190949725,0.11902213998222416
2025-10-17 12:03:45,0.635892289717367,0,0.5891115596537833,0.09985430862431871
2025-10-17 12:03:46,0.7551163438636684,0,0.6247015408619349,0.08728557581219869
2025-10-17 12:03:47,0.7929703780682432,0,0.6563062431883939,0.08502050923319761
2025-10-17 12:03:48,0.7414862427588523,0,0.6771099610907769,0.07665955177885629
2025-10-17 12:03:49,0.7515547519515409,0,0.6930938097883829,0.0734735714152513
2025-10-17 12:03:50,0.8603177889628218,0,0.7242955561302356,0.07137421542840658
2025-10-17 12:03:51,0.8130726673618016,0,0.7420255911405134,0.06892022594267232
2025-10-17 12:03:52,0.8207187887177639,0,0.7571765637610889,0.06777809436834062
2025-10-17 12:03:53,0.8307323248834535,0,0.7722253050784477,0.06546598390718757
2025-10-17 12:03:54,0.936491663829258,0,0.793835324011477,0.08041483893071383
2025-10-17 12:03:55,0.9131846607653716,0,0.8215645611162776,0.06650653525088568
2025-10-17 12:03:56,0.8388260882690667,0,0.8299355355568174,0.062351989803810674
2025-10-17 12:03:57,1.0005103283909302,0,0.8506895305890861,0.08056190833879925
2025-10-17 12:03:58,0.9549203991780986,0,0.8720329462310106,0.07659075347292228
2025-10-17 12:03:59,0.9925368946796131,0,0.896131160503818,0.07226053067541265
2025-10-17 12:04:00,0.9441503889640116,0,0.9045144205039369,0.07250648774030366
2025-10-17 12:04:01,1.0162083827418642,0,0.9248279920419431,0.07249693631558723
2025-10-17 12:04:02,0.9235205299926268,0,0.9351081661694293,0.06272374653600557
2025-10-17 12:04:03,0.9717449732683162,0,0.9492094310079157,0.051497462834387706
2025-10-17 12:04:04,0.9806711277515104,0,0.9536273774001408,0.05217578446638285
2025-10-17 12:04:05,1.045356029433397,0,0.9668445142669435,0.057283328549725405
2025-10-17 12:04:06,0.979037415617585,0,0.9808656470017952,0.035475258020064675
2025-10-17 12:04:07,0.9719065955258316,0,0.9780052737152856,0.03486319155307563
2025-10-17 12:04:08,1.0392239732554556,0,0.986435631123021,0.03864810992671695
2025-10-17 12:04:09,1.0060313872702948,0,0.9877850803820893,0.039117551782539325
2025-10-17 12:04:10,1.0665858191345587,0,1.0000286233991438,0.04291875062101032
2025-10-17 12:04:11,0.990101904128426,0,0.9974179755378001,0.042618166072368936
2025-10-17 12:04:12,0.9869900654145204,0,1.0037649290799897,0.0343055605682526
2025-10-17 12:04:13,1.0589118629502254,0,1.0124816180481804,0.0362827529467335
2025-10-17 12:04:14,1.0386265945809183,0,1.0182771647311213,0.03525102416791873
2025-10-17 12:04:15,0.9603565791253442,0,1.0097772197003159,0.03812661801604048
2025-10-17 12:04:16,0.9911570624557818,0,1.0109891843841357,0.037222808313792106
2025-10-17 12:04:17,0.910149333171266,0,1.004813458148679,0.04799267076486344
2025-10-17 12:04:18,0.8994164809288951,0,0.9908327089160232,0.0564697498079882
2025-10-17 12:04:19,0.9338086919210477,0,0.9836104393810983,0.058877104311123876
2025-10-17 12:04:20,0.889973098535119,0,0.9659491673211544,0.05769888633268428
2025-10-17 12:04:21,0.976226153137045,0,0.9645615922220163,0.057218355108507486
2025-10-17 12:04:22,0.8909240388238225,0,0.9549549895629464,0.0609754469403162
2025-10-17 12:04:23,0.9796538305329292,0,0.947029186321217,0.05015184035249295
2025-10-17 12:04:24,-4.090268347712755,1,0.43413969209184966,1.590180174700442
2025-10-17 12:04:25,0.886740902617939,0,0.4267781244411091,1.5876418085002202
2025-10-17 12:04:26,0.917915802762912,0,0.41945399847182213,1.5849155187461454
2025-10-17 12:04:27,0.8031080149851968,0,0.4087498666532152,1.5815912353833337
2025-10-17 12:04:28,0.7558065809668242,0,0.3943888766570081,1.577287044221505
2025-10-17 12:04:29,0.832980551787224,0,0.38430606264362577,1.5737740225977264
2025-10-17 12:04:30,0.8387270458781978,0,0.37918145737793363,1.5720269551992123
2025-10-17 12:04:31,0.7618575683024302,0,0.3577445988944722,1.5644239969102567
2025-10-17 12:04:32,0.808062801445417,0,0.34945847515663164,1.5615028924759677
2025-10-17 12:04:33,0.7103682714747905,0,0.3225299192508177,1.5517187521800946
2025-10-17 12:04:34,0.7252491248864064,0,0.8040816665107338,0.06745626862100383
2025-10-17 12:04:35,0.6285956679915754,0,0.7782671430480974,0.08045152006908023
2025-10-17 12:04:36,0.6738666522419433,0,0.7538622279960006,0.06967682483058778
2025-10-17 12:04:37,0.7350160587599247,0,0.7470530323734733,0.06762652206106615
2025-10-17 12:04:38,0.6955534388695969,0,0.7410277181637507,0.06942034426393741
2025-10-17 12:04:39,0.6011178955193308,0,0.7178414525369614,0.07387381396179628
2025-10-17 12:04:40,0.5763185767715857,0,0.6916006056263002,0.07275960473054802
2025-10-17 12:04:41,0.6339111067981931,0,0.6788059594758764,0.07023820462012563
2025-10-17 12:04:42,0.4307603695724278,0,0.6410757162885775,0.09127748868101265
2025-10-17 12:04:43,0.5540025992046017,0,0.6254391490615585,0.09148130751825513
2025-10-17 12:04:44,0.5196173993125514,0,0.6048759765041731,0.08964574564905944
2025-10-17 12:04:45,0.3972684089511775,0,0.5817432506001333,0.11030980901296054
2025-10-17 12:04:46,0.4657588648380317,0,0.5609324718597422,0.11062903836848474
2025-10-17 12:04:47,0.4222737475739106,0,0.5296582407411408,0.09960445574870683
2025-10-17 12:04:48,0.3505482068678376,0,0.4951577175409648,0.09542056318455687
2025-10-17 12:04:49,0.3693762432033542,0,0.4719835523093672,0.09496710280328316
2025-10-17 12:04:50,0.2557209792743533,0,0.439923792559644,0.1089210604815031
2025-10-17 12:04:51,0.3553910820313838,0,0.412071790082963,0.08726176290773757
2025-10-17 12:04:52,0.2532528333158881,0,0.394321036457309,0.10014147929269153
2025-10-17 12:04:53,0.2188322859772007,0,0.36080400513456895,0.09679246357893422
2025-10-17 12:04:54,0.1359885430923003,0,0.32244111951254384,0.10269816449813576
2025-10-17 12:04:55,0.1603258328865028,0,0.29874686190607636,0.11054927579011456
2025-10-17 12:04:56,0.1776438818028656,0,0.26993536360255976,0.09914197436060458
2025-10-17 12:04:57,0.1347113440673023,0,0.24117912325189894,0.09145218444525965
2025-10-17 12:04:58,0.1037956688791422,0,0.21650386945302938,0.09195134821215868
2025-10-17 12:04:59,0.110763545865125,0,0.19064259971920644,0.0797345976741054
2025-10-17 12:05:00,-0.0242626924369715,0,0.16264423254807397,0.10073532871671187
2025-10-17 12:05:01,-0.0654532599547665,0,0.12055979834945893,0.09916012871845323
2025-10-17 12:05:02,-0.040335494564502,0,0.09120096556141993,0.09896970539493878
2025-10-17 12:05:03,-0.1989132745483117,0,0.049426409508868695,0.12408796445494377
2025-10-17 12:05:04,-0.1184555412202919,0,0.02398200107760947,0.13029776731654458
2025-10-17 12:05:05,-0.1437840390100145,0,-0.006428986112042253,0.13042882087132016
2025-10-17 12:05:06,-0.2097685976972493,0,-0.04517023406205374,0.12717460867943517
2025-10-17 12:05:07,-0.1532632910484498,0,-0.07396769757362895,0.11381965149903629
2025-10-17 12:05:08,-0.1090172733720318,0,-0.09524899179874637,0.09527383987358884
2025-10-17 12:05:09,-0.249546168205183,0,-0.13127996320577714,0.07459377770093785
2025-10-17 12:05:10,-0.2771995071068969,0,-0.15657364467276969,0.07711477655867002
2025-10-17 12:05:11,-5.29402853320792,1,-0.679431171998085,1.6229212367856363
2025-10-17 12:05:12,-0.3467398801349607,0,-0.710071610555131,1.6123727137808759
2025-10-17 12:05:13,-0.3761909204774757,0,-0.7277993751480474,1.6070940872570387
2025-10-17 12:05:14,-0.3677040309912381,0,-0.752724224125142,1.598503429101425
2025-10-17 12:05:15,-0.5001435785440512,0,-0.7883601780785457,1.5873530916092695
2025-10-17 12:05:16,-0.4184970807992619,0,-0.8092330263887471,1.5802560366686238
2025-10-17 12:05:17,-0.4927258123433777,0,-0.8431792785182397,1.568199226125041
2025-10-17 12:05:18,-0.5778741754931814,0,-0.8900649687303547,1.5507220391301872
2025-10-17 12:05:19,-0.5315183269226661,0,-0.9182621846021031,1.5403098575175984
2025-10-17 12:05:20,-0.5675118610127502,0,-0.9472934199926882,1.5295833282023292
2025-10-17 12:05:21,-0.5141809114277217,0,-0.4693086578146685,0.08525282211298578
2025-10-17 12:05:22,-0.6485766866994481,0,-0.49949233847111724,0.09031781431434673
2025-10-17 12:05:23,-0.64882521603602,0,-0.5267557680269717,0.09011097539132783
2025-10-17 12:05:24,-0.6433697664328386,0,-0.5543223415711317,0.07730322745472454
2025-10-17 12:05:25,-0.7249135511869829,0,-0.5767993388354249,0.09122375978823609
2025-10-17 12:05:26,-0.8108694608384924,0,-0.6160365768393479,0.09957106775371499
2025-10-17 12:05:27,-0.6741920656177854,0,-0.6341832021667887,0.09074573386315764
2025-10-17 12:05:28,-0.7695643143464483,0,-0.6533522160521155,0.09752260253453578
2025-10-17 12:05:29,-0.8220014792961566,0,-0.6824005312894645,0.10041964909377285
2025-10-17 12:05:30,-0.8578210534269366,0,-0.7114314505308831,0.10535757296309359
2025-10-17 12:05:31,-0.8623262209898698,0,-0.746245981487098,0.08922064070134864
2025-10-17 12:05:32,-0.8222459178215674,0,-0.7636129045993097,0.08489438113791362
2025-10-17 12:05:33,-0.8426320094236099,0,-0.7829935839380688,0.07758522318093324
2025-10-17 12:05:34,-0.8611519975921731,0,-0.8047718070540022,0.06328613934050771
2025-10-17 12:05:35,-0.8346540890973275,0,-0.8157458608450368,0.05711346414282589
2025-10-17 12:05:36,-0.9311100553678816,0,-0.8277699202979756,0.06765670544180097
2025-10-17 12:05:37,-0.8838729653483415,0,-0.8487380102710314,0.04263756086118303
2025-10-17 12:05:38,-0.9421739046354308,0,-0.8659989692999295,0.04195770294668943
2025-10-17 12:05:39,-0.8639022284804724,0,-0.8701890442183611,0.039068443426995135
2025-10-17 12:05:40,-0.9534941552174052,0,-0.8797563543974081,0.04667681976218108
2025-10-17 12:05:41,-0.9307786406435395,0,-0.8866015963627749,0.0488073540628341
2025-10-17 12:05:42,-0.9584495866184202,0,-0.9002219632424602,0.04784785691176359
2025-10-17 12:05:43,-0.9532584861681742,0,-0.9112846109169166,0.04579811367650946
2025-10-17 12:05:44,-1.1183814498361913,0,-0.9370075561413185,0.07647536103459898
2025-10-17 12:05:45,-0.9556799898803872,0,-0.9491101462196243,0.06753108609960456
2025-10-17 12:05:46,-0.947899608334897,0,-0.950789101516326,0.06724193593166726
2025-10-17 12:05:47,-0.9734718439977224,0,-0.959748989381264,0.06318161050306442
2025-10-17 12:05:48,-0.9764058542961224,0,-0.9631721843473331,0.06305079791464434
2025-10-17 12:05:49,-0.9620292508158278,0,-0.9729848865808686,0.05266510437247006
2025-10-17 12:05:50,-0.9752668647642448,0,-0.9751621575355527,0.0522179542285283
2025-10-17 12:05:51,-0.9702158551707604,0,-0.9791058789882747,0.04993270208849753
2025-10-17 12:05:52,-0.980797325751669,0,-0.9813406529015996,0.04940277665832999
2025-10-17 12:05:53,-0.9541730194042533,0,-0.9814321062252075,0.04934582911370835
2025-10-17 12:05:54,-1.0173373286832166,0,-0.9713276941099102,0.019516854541071008
2025-10-17 12:05:55,-1.03152829697326,0,-0.9789125248191974,0.026314621768064317
2025-10-17 12:05:56,-0.9310322075739884,0,-0.9772257847431064,0.02893365349086177
2025-10-17 12:05:57,-0.915405952045254,0,-0.9714191955478597,0.03496798790292248
2025-10-17 12:05:58,-1.0806605557239524,0,-0.9818446656906428,0.04924625798810721
2025-10-17 12:05:59,-0.9893983721919388,0,-0.9845815778282538,0.04878096881553246
2025-10-17 12:06:00,-5.921690228668268,1,-1.479223914218656,1.5616821736366175
2025-10-17 12:06:01,-0.8592720671657917,0,-1.4681295354181592,1.5660878767442699
2025-10-17 12:06:02,-0.9964099799188773,0,-1.4696908008348801,1.5655557557810786
2025-10-17 12:06:03,-0.9012416169235477,0,-1.4643976605868096,1.5675805539647123
2025-10-17 12:06:04,-0.9323893452067056,0,-1.4559028622391583,1.5704998294880157
2025-10-17 12:06:05,-0.8953085747088314,0,-1.4422808900127155,1.57517350127571
2025-10-17 12:06:06,-0.9250150230913688,0,-1.4416791715644535,1.5753916329043836
2025-10-17 12:06:07,-0.9296574523304356,0,-1.4431043215929715,1.5748690104994791
2025-10-17 12:06:08,-0.8584523109585359,0,-1.4208834971164301,1.5821022035325123
2025-10-17 12:06:09,-0.7987428738121966,0,-1.4018179472784558,1.5890133567731026
2025-10-17 12:06:10,-0.8078533354979256,0,-0.8904342579614217,0.06063256826212429
2025-10-17 12:06:11,-0.7655841308303455,0,-0.881065464327877,0.07213067168112612
2025-10-17 12:06:12,-0.8117923091547639,0,-0.8626036972514657,0.06228210772981351
2025-10-17 12:06:13,-0.7940167905995653,0,-0.8518812146190674,0.06409464103000115
2025-10-17 12:06:14,-0.6376585127030454,0,-0.8224081313687014,0.08672836755034984
2025-10-17 12:06:15,-0.7591124073153818,0,-0.8087885146293564,0.08467796649300699
2025-10-17 12:06:16,-0.6097671906305605,0,-0.7772637313832756,0.09469013126705986
2025-10-17 12:06:17,-5.644491074249204,1,-1.2487470935751523,1.5464801806164141
2025-10-17 12:06:18,-0.6897394160933069,0,-1.2318758040886295,1.5521211902644323
2025-10-17 12:06:19,-0.6767028860348979,0,-1.2196718053108997,1.5563791726382703
2025-10-17 12:06:20,-0.6381264008754759,0,-1.2026991118486547,1.562283408750257
2025-10-17 12:06:21,-0.552731413701099,0,-1.1814138401357301,1.5703298633440954
2025-10-17 12:06:22,-0.5563836164492755,0,-1.1558729708651811,1.579062389229706
2025-10-17 12:06:23,-0.4122115333588402,0,-1.1176924451411088,1.593335326871499
2025-10-17 12:06:24,-0.4954391431415307,0,-1.1034705081849572,1.5987217510443195
2025-10-17 12:06:25,-0.4313895870275162,0,-1.0706982261561708,1.6098851295672387
2025-10-17 12:06:26,-0.4191752436960251,0,-1.051639031462717,1.6170605507028606
2025-10-17 12:06:27,-0.3945284227728408,0,-0.5266427663150808,0.11316512158496542
2025-10-17 12:06:28,-0.2937283866164485,0,-0.487041663367395,0.11889454722794657
2025-10-17 12:06:29,-0.3272723639578208,0,-0.4520986111596872,0.1077898680659295
2025-10-17 12:06:30,-0.242708122150718,0,-0.41255678328721146,0.10444050818259244
2025-10-17 12:06:31,-0.2845617574742838,0,-0.38573981766452997,0.0987210891091356
2025-10-17 12:06:32,-0.29830896119315,0,-0.3599323521389174,0.08136152294619564
2025-10-17 12:06:33,-0.212769929199043,0,-0.33998819172293765,0.09099648792651575
2025-10-17 12:06:34,-0.1865948897359889,0,-0.30910376638238346,0.0845571975029631
2025-10-17 12:06:35,-0.1272137390522448,0,-0.27868618158485636,0.0902017136497441
2025-10-17 12:06:36,-0.0581362745387224,0,-0.24258228466912612,0.09949724368506119
2025-10-17 12:06:37,-0.0917971416579384,0,-0.21230915655763588,0.09403381254754684
2025-10-17 12:06:38,-0.0490682409888195,0,-0.18784314199487295,0.10198794478137939
2025-10-17 12:06:39,-0.0606609845929554,0,-0.16118200405838642,0.09617143164976981
2025-10-17 12:06:40,0.0242694962773044,0,-0.13448424221558417,0.10742363931933827
2025-10-17 12:06:41,0.087602726798198,0,-0.09726779378833598,0.11392359303284771
2025-10-17 12:06:42,0.1252999102873955,0,-0.05490690664028145,0.1095352047679322
2025-10-17 12:06:43,0.1491050811581508,0,-0.01871940560456207,0.11134852925933542
2025-10-17 12:06:44,0.1191415462979276,0,0.01185423799882958,0.10168712459149802
2025-10-17 12:06:45,0.1379042594973001,0,0.03836603785378408,0.09579050760927142
2025-10-17 12:06:46,0.1465065268141102,0,0.05883031798906733,0.09473717654255744
2025-10-17 12:06:47,0.1717683649196765,0,0.08518686864682881,0.08425878575511693
2025-10-17 12:06:48,0.2653445106499232,0,0.1166281438107031,0.08720517980402519
2025-10-17 12:06:49,0.2391229998606046,0,0.1466065422560591,0.06914493750002687
2025-10-17 12:06:50,0.2987265527814125,0,0.1740522479064699,0.06965843542591693
2025-10-17 12:06:51,0.4617584117537467,0,0.21146781640202478,0.10799832714305821
2025-10-17 12:06:52,0.3213013884388334,0,0.2310679642171686,0.10840745953716668
2025-10-17 12:06:53,0.3755131155619928,0,0.2537087676575528,0.11293558798081124
2025-10-17 12:06:54,0.4531985209312748,0,0.28711446512088745,0.11800114955173863
2025-10-17 12:06:55,0.4863426649840727,0,0.32195830566956474,0.12046470187314073
2025-10-17 12:06:56,0.5501697837384718,0,0.3623246313620009,0.1227501749698849
2025-10-17 12:06:57,-4.436654254063424,1,-0.09851763053630921,1.527733949993306
2025-10-17 12:06:58,0.5266750139085006,0,-0.07238458021045147,1.5368575448819537
2025-10-17 12:06:59,0.612102347488819,0,-0.03508664544763003,1.5497295119442627
2025-10-17 12:07:00,0.6549358220945244,0,0.000534281483681165,1.562297641714693
2025-10-17 12:07:01,0.6746598515937752,0,0.02182442546768401,1.5707093293367635
2025-10-17 12:07:02,0.7585265648706301,0,0.06554694311086369,1.5859829472513876
2025-10-17 12:07:03,0.7518974997061537,0,0.10318538152527978,1.59857258267638
2025-10-17 12:07:04,0.6557216452570818,0,0.12343769395786049,1.6047704675662384
2025-10-17 12:07:05,0.7906236842074014,0,0.15386579588019333,1.6152664973062028
2025-10-17 12:07:06,0.6692477181212321,0,0.16577358931846936,1.6189474095985759
2025-10-17 12:07:07,0.6504229197064447,0,0.6744813066954564,0.07718947692602285
2025-10-17 12:07:08,0.7748048649554555,0,0.6992942918001517,0.0629684329992976
2025-10-17 12:07:09,0.9009746499320388,0,0.7281815220444737,0.08193020266667006
2025-10-17 12:07:10,0.7920006521629838,0,0.7418880050513196,0.07975120690467508
2025-10-17 12:07:11,0.8131838253091395,0,0.755740402422856,0.0788013502875748
2025-10-17 12:07:12,0.9053918443366006,0,0.7704269303694531,0.09196480341154771
2025-10-17 12:07:13,0.8844331490926565,0,0.7836804953081034,0.09832781559081305
2025-10-17 12:07:14,0.8749418348216836,0,0.8056025142645635,0.09077729127553383
2025-10-17 12:07:15,0.9002842241670042,0,0.8165685682605238,0.09527875298865231
2025-10-17 12:07:16,0.8814812642568898,0,0.8377919228740897,0.08145092888418926
2025-10-17 12:07:17,0.915470751474856,0,0.8642967060509308,0.05121860132707054
2025-10-17 12:07:18,0.8953020402150708,0,0.8763464235768922,0.04097518259267882
2025-10-17 12:07:19,0.9235840483628271,0,0.8786073634199711,0.043056055799138286
2025-10-17 12:07:20,0.9640577014025828,0,0.8958130683439309,0.038765807494197405
2025-10-17 12:07:21,1.0131487118461766,0,0.9158095569976348,0.042774026806126894
2025-10-17 12:07:22,1.0213826000089756,0,0.9274086325648723,0.05391176892370153
2025-10-17 12:07:23,0.8165832412624336,0,0.9206236417818499,0.06336255784921332
2025-10-17 12:07:24,0.9551514987570736,0,0.9286446081753889,0.061999381749647836
2025-10-17 12:07:25,0.944019059751728,0,0.9330180917338613,0.061315304263069435
2025-10-17 12:07:26,0.9793383432780332,0,0.9428037996359757,0.059970380797638945
2025-10-17 12:07:27,0.9997407673415544,0,0.9512308012226454,0.06160140543980688
2025-10-17 12:07:28,0.9735534499779552,0,0.959055942198934,0.05860464941363725
2025-10-17 12:07:29,1.0017292143771068,0,0.9668704588003619,0.058559210875252475
2025-10-17 12:07:30,1.0156963537780137,0,0.972034324037905,0.06052734182836119
2025-10-17 12:07:31,0.9668795146093808,0,0.9674074043142256,0.05877842318909509
2025-10-17 12:07:32,1.0482456943025398,0,0.9700937137435817,0.062042523130701736
2025-10-17 12:07:33,0.943356671658909,0,0.9827710567832293,0.03364145273718846
2025-10-17 12:07:34,0.9667797968986506,0,0.9839338865973872,0.03277038764186925
2025-10-17 12:07:35,0.8820890752693884,0,0.9777408881491532,0.044796731838015566
2025-10-17 12:07:36,-4.028832667524388,1,0.476923787068911,1.5837949942328335
2025-10-17 12:07:37,1.0766368954808678,0,0.48461339988284224,1.5867992301030356
2025-10-17 12:07:38,0.953637038281788,0,0.48262175871322555,1.5861297167194521
2025-10-17 12:07:39,0.9219383488303126,0,0.4746426721585461,1.583426564341066
2025-10-17 12:07:40,0.9125935629403278,0,0.4643323930747775,1.5798437348795429
2025-10-17 12:07:41,0.875599363655378,0,0.4552043779793773,1.5768784123097022
2025-10-17 12:07:42,0.926055636189148,0,0.44298537216803807,1.572239012376106
2025-10-17 12:07:43,0.9824921159291552,0,0.4468989165950627,1.5736709573918157
2025-10-17 12:07:44,0.8432399351844354,0,0.43454493042364123,1.569615890833531
2025-10-17 12:07:45,0.8446283428077808,0,0.43079885717748045,1.568473380771305
2025-10-17 12:07:46,0.8202645584892978,0,0.915708579778849,0.07672064863570334
2025-10-17 12:07:47,0.8702649378627121,0,0.8950713840170336,0.05258092667555996
2025-10-17 12:07:48,0.904382207354268,0,0.8901459009242816,0.048644899681643
2025-10-17 12:07:49,0.8061711444818558,0,0.8785691804894358,0.053746040475115796
2025-10-17 12:07:50,0.921948866052254,0,0.8795047108006283,0.054480494113344914
2025-10-17 12:07:51,0.8313854155515846,0,0.8750833159902491,0.05658606588174144
2025-10-17 12:07:52,0.912086517578376,0,0.8736864041291719,0.05534677702308853
2025-10-17 12:07:53,0.7523083046101311,0,0.8506680229972694,0.052878154452591176
2025-10-17 12:07:54,0.5934856071571257,0,0.8256925901945384,0.097190985554096
2025-10-17 12:07:55,0.6837051657449684,0,0.8096002724882572,0.10657653907976272
2025-10-17 12:07:56,0.6308696337254737,0,0.7906607800118748,0.12040251871857562
2025-10-17 12:07:57,5.633189897185051,1,1.266953275944109,1.5386024289931761
2025-10-17 12:07:58,0.6830398372532203,0,1.244819038934004,1.5459723581745697
2025-10-17 12:07:59,0.6371848497753216,0,1.2279204094633507,1.5522108421325986
2025-10-17 12:08:00,-4.454862793009718,1,0.6902392435571534,2.3803272992766757
2025-10-17 12:08:01,0.5831132812148307,0,0.665412030123478,2.3799862812351202
2025-10-17 12:08:02,0.4759260010266884,0,0.6217959784683094,2.378959747981557
2025-10-17 12:08:03,-4.568210583088875,1,0.08974408969840875,2.8872014104577644
2025-10-17 12:08:04,0.5101737868497335,0,0.08141290766766951,2.8857061409806053
2025-10-17 12:08:05,0.6301226575440149,0,0.07605465684757415,2.8845130285291485
2025-10-17 12:08:06,0.4220264898938536,0,0.055170342464412145,2.880803398949876
2025-10-17 12:08:07,0.412172627614861,0,-0.46693138449260685,2.13381505906029
2025-10-17 12:08:08,0.2451307056266554,0,-0.5107222976552633,2.1119743928644756
2025-10-17 12:08:09,0.3252382722536314,0,-0.5419169554074325,2.0953740242531844
2025-10-17 12:08:10,0.3041660982388719,0,-0.06601406628257345,1.5865828591493734
2025-10-17 12:08:11,0.2661791775858055,0,-0.09770747664547598,1.5753006004469916
2025-10-17 12:08:12,0.2677525833302975,0,-0.11852481841511509,1.5682375070783396
2025-10-17 12:08:13,0.1959318818764038,0,0.3578894280814128,0.13490497760150502
2025-10-17 12:08:14,0.1092586825256594,0,0.3177979176490054,0.1438933271781469
2025-10-17 12:08:15,0.1977060198323667,0,0.27455625387784055,0.09691033219270621
2025-10-17 12:08:16,0.0906236424361944,0,0.2414159691320746,0.09753942945298572
2025-10-17 12:08:17,0.1044361110825203,0,0.21064231747884055,0.08547964762084093
2025-10-17 12:08:18,0.0654269072306925,0,0.19267193763924426,0.0957018822276052
2025-10-17 12:08:19,5.032662489976784,1,0.6634143594115595,1.5374719541955182
2025-10-17 12:08:20,0.078557158950836,0,0.6408534654827559,1.544966334831588
2025-10-17 12:08:21,-0.0103484027289528,0,0.6132007074512801,1.554860661236613
2025-10-17 12:08:22,-0.0726633714213397,0,0.5791591119761164,1.566943660220769
2025-10-17 12:08:23,-0.0331413331601187,0,0.5562517904724641,1.574823206310049
2025-10-17 12:08:24,-0.1988248981481755,0,0.5254434324050805,1.5875018669480623
2025-10-17 12:08:25,-0.1161547227262752,0,0.4940573581492164,1.5977708472385452
2025-10-17 12:08:26,-0.1306484701447602,0,0.4719301468911209,1.6054922262422358
2025-10-17 12:08:27,-0.0992625023487876,0,0.4515602855479902,1.611952145016087
2025-10-17 12:08:28,-0.1463336725323621,0,0.4303842275716847,1.6189640516680814
2025-10-17 12:08:29,-0.2664755905391529,0,-0.09952958047990895,0.09773170030202287
2025-10-17 12:08:30,-0.3187264120295954,0,-0.13925793757795207,0.09804324885736791
2025-10-17 12:08:31,-0.3116021577702286,0,-0.16938331308207968,0.1002894629363872
2025-10-17 12:08:32,-0.3604531986254887,0,-0.19816229580249456,0.11024842803974587
2025-10-17 12:08:33,-0.4467482660578283,0,-0.23952298909226552,0.11871929543131861
2025-10-17 12:08:34,-0.397515598326607,0,-0.2593920591101087,0.1274562977397962
2025-10-17 12:08:35,-0.3904806403202598,0,-0.28682465086950715,0.12263214241733793
2025-10-17 12:08:36,-0.5574767244811162,0,-0.3295074763031427,0.13580668075503838
2025-10-17 12:08:37,-0.5575269714649762,0,-0.3753339232147616,0.12647819338459917
2025-10-17 12:08:38,-0.5018779301107834,0,-0.41088834897260373,0.10268706484346143
2025-10-17 12:08:39,-0.59583486540597,0,-0.44382427645928546,0.10403210803715367
2025-10-17 12:08:40,-0.5095729633815976,0,-0.46290893159448565,0.09570515431070897
2025-10-17 12:08:41,-0.5660377021144928,0,-0.4883524860289121,0.08413174056602218
2025-10-17 12:08:42,-0.7134906562848865,0,-0.5236562317948519,0.09750713436738807
2025-10-17 12:08:43,-0.6966205233356554,0,-0.5486434575226345,0.1071483746605361
2025-10-17 12:08:44,-0.6791846520968297,0,-0.5768103628996568,0.09977452124223407
2025-10-17 12:08:45,-0.694397950818192,0,-0.60720209394945,0.08128557201209889
2025-10-17 12:08:46,-0.7808015507508723,0,-0.6295345765764256,0.09553525189173276
2025-10-17 12:08:47,-0.8041298469580347,0,-0.6541948641257316,0.10612360435504081
2025-10-17 12:08:48,-0.7854049626815561,0,-0.6825475673828088,0.09850936693602227
2025-10-17 12:08:49,-0.7939928474950041,0,-0.7023633655917122,0.09905731088383145
2025-10-17 12:08:50,-0.7291921751907557,0,-0.724325286772628,0.07229533839007589
2025-10-17 12:08:51,-0.8342735676123849,0,-0.7511488733224172,0.0546485342135349
2025-10-17 12:08:52,-0.7847462851583242,0,-0.7582744362097611,0.05383211446731791
2025-10-17 12:08:53,-0.8636526029382172,0,-0.7749776441700172,0.05830423123670475
2025-10-17 12:08:54,-0.937543027295098,0,-0.800813481689844,0.06763525697748124
2025-10-17 12:08:55,-0.9126625526711188,0,-0.8226399418751367,0.06462950625094285
2025-10-17 12:08:56,-0.8227720665423982,0,-0.8268369934542893,0.06295163202336462
2025-10-17 12:08:57,-0.9320145732868402,0,-0.8396254660871698,0.07037789287068347
2025-10-17 12:08:58,-0.9749563212179962,0,-0.8585806019408139,0.07913352699557723
2025-10-17 12:08:59,-0.9532443080279956,0,-0.874505747994113,0.08070011173781087
2025-10-17 12:09:00,-0.9123043172934427,0,-0.8928169622043818,0.06286870273489047
2025-10-17 12:09:01,-0.9592891869992016,0,-0.9053185241430635,0.062361492001487114
2025-10-17 12:09:02,-0.9592645498609114,0,-0.922770350613322,0.04752478600961931
2025-10-17 12:09:03,-5.932900521352711,1,-1.4296951424547715,1.5828423597157701
2025-10-17 12:09:04,-0.986958802513248,0,-1.4346367199765866,1.5812114551036816
2025-10-17 12:09:05,-0.987533504781458,0,-1.4421238151876206,1.578640437546622
2025-10-17 12:09:06,-1.0110510459963515,0,-1.4609517131330159,1.5715396882567259
2025-10-17 12:09:07,-0.9041020564994052,0,-1.4581604614542722,1.5726079562737463
2025-10-17 12:09:08,-1.0014103163701296,0,-1.4608058609694856,1.571726811494159
2025-10-17 12:09:09,-0.9872907426937272,0,-1.4642105044360587,1.570541606897525
2025-10-17 12:09:10,-1.003814005065069,0,-1.4733614732132214,1.5672316550705825
2025-10-17 12:09:11,-1.0322294870316189,0,-1.4806555032164632,1.5647410375358823
2025-10-17 12:09:12,-1.006650289503211,0,-1.485394077180693,1.5630574918869042
2025-10-17 12:09:13,-1.031317861942317,0,-0.9952358112396535,0.03599211037673272
2025-10-17 12:09:14,-1.0139046404909673,0,-0.9979303950374255,0.03631084407670296
2025-10-17 12:09:15,-1.011409967408482,0,-1.000318041300128,0.03633622553567905
2025-10-17 12:09:16,-0.9799634158398456,0,-0.9972092782844774,0.036644479482002494
2025-10-17 12:09:17,-0.9486059451251349,0,-1.0016596671470501,0.02490120595907025
2025-10-17 12:09:18,-0.9612121026606516,0,-0.9976398457761025,0.027997984416486817
2025-10-17 12:09:19,-0.9705656294127936,0,-0.9959673344480093,0.029160324068699568
2025-10-17 12:09:20,-1.0561774355584037,0,-1.0012036774973425,0.03486866413776827
2025-10-17 12:09:21,-0.92004191459295,0,-0.9899849202534758,0.04124242611720242
2025-10-17 12:09:22,-0.953704464367398,0,-0.9846903377398946,0.04225143037083888
2025-10-17 12:09:23,-0.9211687376690174,0,-0.9736754253125645,0.043094515015688103
2025-10-17 12:09:24,-0.8979306118379035,0,-0.962078022447258,0.04653329095291207
2025-10-17 12:09:25,-0.8816386312768624,0,-0.9491008888340963,0.04926224539503261
2025-10-17 12:09:26,-0.9672028268420958,0,-0.9478248299343213,0.04853386070632844
2025-10-17 12:09:27,-0.8940415335579703,0,-0.9423683887776046,0.05141781580860613
2025-10-17 12:09:28,-0.8378749797312618,0,-0.9300346764846656,0.06040300621172228
2025-10-17 12:09:29,-0.7477042209489315,0,-0.9077485356382796,0.08128934915000126
2025-10-17 12:09:30,-0.7626952791238903,0,-0.8784003199948283,0.07443696501549601
2025-10-17 12:09:31,-0.7648028836046938,0,-0.8628764168960025,0.08071086621458856
2025-10-17 12:09:32,-0.7364955680194741,0,-0.8411555272612101,0.08275305272381926
2025-10-17 12:09:33,-0.7759363841745159,0,-0.82663229191176,0.07984345012519092
2025-10-17 12:09:34,-0.7373679668479663,0,-0.8105760274127662,0.0800565229206024
2025-10-17 12:09:35,-0.7154937472541525,0,-0.7939615390104953,0.08090581344498779
2025-10-17 12:09:36,-0.6899164596054628,0,-0.766232902286832,0.05966184117924426
2025-10-17 12:09:37,-0.5985215468026942,0,-0.7366809036113044,0.06244523281316913
2025-10-17 12:09:38,-0.6241869099396141,0,-0.7153120966321396,0.06050074596704943
2025-10-17 12:09:39,-0.6446323073431733,0,-0.7050049052715639,0.0630934609412172
2025-10-17 12:09:40,-0.6295853449141545,0,-0.6916939118505903,0.06360919632378469
2025-10-17 12:09:41,-0.6146484227835679,0,-0.6766784657684777,0.062139286317832776
2025-10-17 12:09:42,-0.5024690001128815,0,-0.6532758089778185,0.07891319203226849
2025-10-17 12:09:43,-0.5351307720250424,0,-0.6291952477628711,0.0739064917124752
2025-10-17 12:09:44,-0.3946515487968341,0,-0.5949236059577578,0.09470625985731082
2025-10-17 12:09:45,-0.3932148306629288,0,-0.5626957142986354,0.10354085718327757
2025-10-17 12:09:46,-0.4351638906728383,0,-0.5372204574053729,0.10004207049445142
2025-10-17 12:09:47,-0.3544762730424135,0,-0.5128159300293449,0.11242654224577213
2025-10-17 12:09:48,-5.311357759508488,1,-0.9815330149862322,1.524991828153045
2025-10-17 12:09:49,-0.2181733196959438,0,-0.9388871162215093,1.5413352758844046
2025-10-17 12:09:50,-0.3043018979229696,0,-0.9063587715223909,1.5519836688584987
2025-10-17 12:09:51,-0.3012708653328699,0,-0.875021015777321,1.5616620659105298
2025-10-17 12:09:52,-0.165375827580993,0,-0.8413116985241322,1.5741852842023567
2025-10-17 12:09:53,-0.2167611358242584,0,-0.8094747349040539,1.584252873477124
2025-10-17 12:09:54,-0.1744315536677353,0,-0.7874527353911439,1.5921706492068497
2025-10-17 12:09:55,-0.1799958390168997,0,-0.7661308362265411,1.5994478390074403
2025-10-17 12:09:56,-0.09499003437288,0,-0.7321134505965452,1.6108458626504538
2025-10-17 12:09:57,-0.1079049429692887,0,-0.7074563175892328,1.6191344127857863
2025-10-17 12:09:58,0.0587465391305104,0,-0.1704458877253329,0.10631323368955028
2025-10-17 12:09:59,-0.0480276371543643,0,-0.15343131947117492,0.11132330189305678
2025-10-17 12:10:00,0.1515622168904238,0,-0.10784490798983559,0.13375508902545635
2025-10-17 12:10:01,0.0245431370455234,0,-0.07526350775199626,0.1204211736833605
2025-10-17 12:10:02,0.0597581945959508,0,-0.05275010553430189,0.12272527076872897
2025-10-17 12:10:03,0.1634321884559783,0,-0.014730773106278216,0.12513721294053476
2025-10-17 12:10:04,0.0665228923474645,0,0.00936467149524176,0.11363969029593496
2025-10-17 12:10:05,0.1260991109940322,0,0.03997416649633495,0.09696845276025673
2025-10-17 12:10:06,0.2351539371081203,0,0.07298856364443498,0.10198378445492784
2025-10-17 12:10:07,0.2575969124763501,0,0.10953874918899884,0.09522187640555888
2025-10-17 12:10:08,0.3249880132518766,0,0.13616289660113548,0.11467584083655524
2025-10-17 12:10:09,5.256862045187381,1,0.66665186483531,1.6156114459880824
2025-10-17 12:10:10,0.2168590541282696,0,0.6731815485590945,1.6134288180806375
2025-10-17 12:10:11,0.3587197421937422,0,0.7065992090739165,1.6019210688540535
2025-10-17 12:10:12,0.3683161925257421,0,0.7374550088668956,1.5910119524312551
2025-10-17 12:10:13,0.3814623675166681,0,0.7592580267729645,1.583748932875442
2025-10-17 12:10:14,0.4445043037132023,0,0.7970561679095384,1.569828266843775
2025-10-17 12:10:15,0.5398297936218822,0,0.8384292361723233,1.5555674853772197
2025-10-17 12:10:16,0.491282175274097,0,0.8640420599889211,1.5466135638174108
2025-10-17 12:10:17,0.5138371024767385,0,0.88966607898896,1.5375457909670114
2025-10-17 12:10:18,0.6005911857774563,0,0.9172263962415178,1.5287442486118181
2025-10-17 12:10:19,0.5708598154812123,0,0.448626173270901,0.11794601022788123
2025-10-17 12:10:20,0.5896569097847267,0,0.4859059588365467,0.09278242108756517
2025-10-17 12:10:21,0.5815250222154832,0,0.5081864868387208,0.085296640068535
2025-10-17 12:10:22,-4.309815998748652,1,0.04037326771128136,1.5300897512983402
2025-10-17 12:10:23,0.6043667738821641,0,0.06266370834783097,1.5372179086046294
2025-10-17 12:10:24,0.6763076571772308,0,0.08584404369423382,1.545341870231358
2025-10-17 12:10:25,0.6782081555430047,0,0.09968187988634607,1.5504698494247038
2025-10-17 12:10:26,0.742829415986377,0,0.12483660395757408,1.5595430650670423
2025-10-17 12:10:27,0.780783362961614,0,0.1515312300060616,1.5691961805823953
2025-10-17 12:10:28,0.742566021053961,0,0.16572871353371207,1.574344359949946
2025-10-17 12:10:29,0.8818725102368543,0,0.1968299830092763,1.586263930383351
2025-10-17 12:10:30,0.8660798346809871,0,0.2244722754989023,1.5962470122738617
2025-10-17 12:10:31,0.9094155168429968,0,0.25726132496165366,1.6077226847665773
2025-10-17 12:10:32,0.8375905807928463,0,0.7720019829158036,0.10108159241779661
2025-10-17 12:10:33,0.8461734490927183,0,0.7961826504368589,0.08400409460979436
2025-10-17 12:10:34,0.8400910641986004,0,0.8125609911389959,0.07332244278938636
2025-10-17 12:10:35,0.8583839096690115,0,0.8305785665515966,0.056948661814210065
2025-10-17 12:10:36,0.8674714316582441,0,0.8430427681187833,0.048643781840423915
2025-10-17 12:10:37,0.9248487639788608,0,0.8574493082205079,0.049482276351973366
2025-10-17 12:10:38,0.8873706169292548,0,0.8719297678080373,0.0291294791553352
2025-10-17 12:10:39,0.9864515361272168,0,0.8823876703970737,0.0466183547889771
2025-10-17 12:10:40,0.9120460524569134,0,0.8869842921746663,0.04709543954340751
2025-10-17 12:10:41,0.942593931409536,0,0.8903021336313202,0.049934418377705014
2025-10-17 12:10:42,1.0774435665134103,0,0.9142874322033766,0.07373486878380871
2025-10-17 12:10:43,1.0280681083877332,0,0.932476898132878,0.07740904249566083
2025-10-17 12:10:44,0.9583969646265084,0,0.9443074881756688,0.07044818242947709
2025-10-17 12:10:45,0.9823651904712568,0,0.9567056162558935,0.06428660585417086
2025-10-17 12:10:46,1.0315489137404572,0,0.9731133644641146,0.05976021223296174
2025-10-17 12:10:47,1.0907749926021435,0,0.989705987326443,0.06741511735898711
2025-10-17 12:10:48,1.013011564286453,0,1.0022700820621628,0.05715013323068183
2025-10-17 12:10:49,0.9692084465145312,0,1.0005457731008942,0.057935167299521036
2025-10-17 12:10:50,1.010267640545373,0,1.01036793190974,0.04888298795888342
2025-10-17 12:10:51,0.9790601039798608,0,1.0140145491667727,0.04442197326372454
2025-10-17 12:10:52,0.9857575921368678,0,1.0048459517291184,0.03900767583591657
2025-10-17 12:10:53,1.0369753802290331,0,1.0057366789132485,0.039692549865977464
2025-10-17 12:10:54,0.9670178983409924,0,1.0065987722846967,0.03862950801339044
2025-10-17 12:10:55,1.0579557436235956,0,1.0141578275999306,0.04070084472126079
2025-10-17 12:10:56,0.94330993329305,0,1.00533392955519,0.045761933880985727
2025-10-17 12:10:57,0.977837987469888,0,0.9940402290419643,0.03500439051269872
2025-10-17 12:10:58,0.8848083123917849,0,0.9812199038524975,0.04825379532679909
2025-10-17 12:10:59,1.012824365960478,0,0.9855814957970923,0.049012686504853124
2025-10-17 12:11:00,0.9269668179784266,0,0.9772514135403976,0.05137288839134558
2025-10-17 12:11:01,0.9330235583616924,0,0.9726477589785809,0.0532222368046207
2025-10-17 12:11:02,0.8762789911474224,0,0.9616998988796363,0.06092798453436726
2025-10-17 12:11:03,0.9001293216744699,0,0.9480152930241799,0.05740869775912072
2025-10-17 12:11:04,0.8655292197418022,0,0.9378664251642608,0.06242745593791309
2025-10-17 12:11:05,0.9359077131659532,0,0.9256616221184967,0.04614891989193046
2025-10-17 12:11:06,0.9109429575551908,0,0.9224249245447107,0.045908023205944684
2025-10-17 12:11:07,0.8538238811659659,0,0.9100235139143186,0.046025916739936994
2025-10-17 12:11:08,0.8906534812499372,0,0.9106080308001336,0.0457061146936037
2025-10-17 12:11:09,0.8247917876138111,0,0.891804772965467,0.03679079542569201
2025-10-17 12:11:10,0.7478394093861035,0,0.8738920321062349,0.05623665995163319
2025-10-17 12:11:11,0.7664161721757717,0,0.8572312934876427,0.06122978420122978
2025-10-17 12:11:12,0.7716803384071815,0,0.8467714282136185,0.06633571316794236
2025-10-17 12:11:13,0.7429708984858899,0,0.8310555858947606,0.0707589411333067
2025-10-17 12:11:14,0.7493285323662323,0,0.8194355171572036,0.07393846512543029
2025-10-17 12:11:15,0.7593282086066365,0,0.8017775667012719,0.06336065514268394
2025-10-17 12:11:16,0.6104700971499106,0,0.7717302806607439,0.07585382502831327
2025-10-17 12:11:17,0.6554304989425765,0,0.751890942438405,0.07791342169044088
2025-10-17 12:11:18,0.6183327653535154,0,0.7246588708487629,0.07133753786190963
2025-10-17 12:11:19,0.6677190097828164,0,0.7089515930656634,0.06372663822799253
2025-10-17 12:11:20,0.5752319923288784,0,0.6916908513599409,0.07449019107632664
2025-10-17 12:11:21,0.5739658866434112,0,0.6724458228067048,0.07782507422676918
2025-10-17 12:11:22,0.5230183600856404,0,0.6475796249745508,0.08219791778123392
2025-10-17 12:11:23,0.4669182062225666,0,0.6199743557482182,0.09233214407231449
2025-10-17 12:11:24,0.4530897287441716,0,0.5903504753860123,0.09373085363334972
2025-10-17 12:11:25,0.41172251340484,0,0.5555899058658327,0.0884061076629523
2025-10-17 12:11:26,0.4370263213270181,0,0.5382455282835434,0.093320220921279
2025-10-17 12:11:27,0.4153853755045943,0,0.5142410159397451,0.09066305529513553
2025-10-17 12:11:28,0.3954544815048414,0,0.49195318755487777,0.08962005100852859
2025-10-17 12:11:29,0.2274839219154724,0,0.4479296787681434,0.10108052721049637
2025-10-17 12:11:30,0.3311651015081078,0,0.4235229896860663,0.0962789232592668
2025-10-17 12:11:31,0.1997607148169624,0,0.3861024725034214,0.10374124805023612
2025-10-17 12:11:32,0.1808884771377985,0,0.3518894842086372,0.10980880194637802
2025-10-17 12:11:33,0.2731542164279428,0,0.33251308522917483,0.10420862834521288
2025-10-17 12:11:34,0.1543802246934298,0,0.3026421348241007,0.10852792587603975
2025-10-17 12:11:35,0.1450763560931817,0,0.27597751909293483,0.11146659916737015
2025-10-17 12:11:36,0.0921960994111423,0,0.24149449690134728,0.10942847988730618
2025-10-17 12:11:37,0.0581811584741856,0,0.20577407519830637,0.10455067193125378
2025-10-17 12:11:38,0.1466670808164766,0,0.1808953351294699,0.0814473587223359
2025-10-17 12:11:39,-0.0325426074540398,0,0.15489268219251867,0.10345526650230837
2025-10-17 12:11:40,-0.0037819276670597,0,0.12139797927500193,0.0938163953161019
2025-10-17 12:11:41,0.0052615199014353,0,0.1019480597834492,0.09590366084015643
2025-10-17 12:11:42,-0.0087200937422245,0,0.08298720269544693,0.09729583704722439
2025-10-17 12:11:43,-0.1169136640314979,0,0.04398041464950285,0.09054151130842102
2025-10-17 12:11:44,-0.0791770667866528,0,0.02062468550149459,0.08900975836997174
2025-10-17 12:11:45,-0.1999376205082382,0,-0.0138767121586474,0.10141262351840026
2025-10-17 12:11:46,-0.2229148331740766,0,-0.04538780541716929,0.11307651616878785
2025-10-17 12:11:47,-0.2721712246175455,0,-0.0784230437263424,0.12687159117306893
2025-10-17 12:11:48,-0.3100805852785561,0,-0.12409781033584566,0.11879273040050543
2025-10-17 12:11:49,-0.2986525101652118,0,-0.15070880060696287,0.1256144697918378
2025-10-17 12:11:50,-0.3423397057684483,0,-0.18456457841710175,0.1272284542333974
2025-10-17 12:11:51,-0.3494611825825196,0,-0.22003684866549725,0.11750075129607207
2025-10-17 12:11:52,-0.3897541016794549,0,-0.25814024945922026,0.10213733811507715
2025-10-17 12:11:53,-0.4643544209837628,0,-0.29288432515444673,0.1077013105676607
2025-10-17 12:11:54,-0.5284433615639756,0,-0.33781095463217903,0.10221404430286755
2025-10-17 12:11:55,-0.5105355115040099,0,-0.3688707437317562,0.10285211010083749
2025-10-17 12:11:56,-0.5170827813515794,0,-0.3982875385495065,0.0984418672590045
2025-10-17 12:11:57,-0.5161625201817699,0,-0.4226866681059289,0.09383982954947194
2025-10-17 12:11:58,-0.6064312700848057,0,-0.45232173658655384,0.10085897663845217
2025-10-17 12:11:59,-0.5932751043962429,0,-0.48178399600965693,0.09376458225069122
2025-10-17 12:12:00,-0.6195314199502262,0,-0.5095031674278347,0.08880208333523654
2025-10-17 12:12:01,-0.57067318873416,0,-0.5316243680429988,0.07008498766888453
2025-10-17 12:12:02,-0.7469275285895163,0,-0.567341710734005,0.08005424705446636
2025-10-17 12:12:03,-0.6490644347293889,0,-0.5858127121085677,0.07478753988054136
2025-10-17 12:12:04,-0.7148581980575373,0,-0.6044541957579237,0.08180262901769332
2025-10-17 12:12:05,-0.7521087343071305,0,-0.6286115180382358,0.08651936991378242
2025-10-17 12:12:06,-0.8146441992378722,0,-0.6583676598268651,0.09468405471675842
2025-10-17 12:12:07,-0.8529842784226789,0,-0.6920498356509559,0.0983158565080438
2025-10-17 12:12:08,-0.7326920899464319,0,-0.7046759176371186,0.09411644287181475
2025-10-17 12:12:09,-0.8128030461213548,0,-0.7266287118096298,0.09078865957896305
2025-10-17 12:12:10,-0.8486258767095133,0,-0.7495381574855584,0.08965878384278865
2025-10-17 12:12:11,-0.8913461728201917,0,-0.7816054558941616,0.0746711290154334
2025-10-17 12:12:12,-0.7005998785475851,0,-0.7769726908899686,0.07840544013099879
2025-10-17 12:12:13,-0.904188516951796,0,-0.8024850991122093,0.07351585773966697
2025-10-17 12:12:14,-0.8811526626163336,0,-0.8191145455680889,0.07022658480291641
2025-10-17 12:12:15,-0.8940772620554954,0,-0.8333113983429253,0.06952224484217587
2025-10-17 12:12:16,-0.9117835575324102,0,-0.8430253341723792,0.07330748991860975
2025-10-17 12:12:17,-0.9267018466765852,0,-0.8503970909977699,0.07797794765962333
2025-10-17 12:12:18,-0.9132832814801612,0,-0.8684562101511428,0.06795744642854525
2025-10-17 12:12:19,-0.9661360306350878,0,-0.883789508602516,0.07122491993291985
2025-10-17 12:12:20,-0.9884996030986056,0,-0.8977768812414253,0.07704844069597733
2025-10-17 12:12:21,-1.0121310425723609,0,-0.9098553682166421,0.08498678436474147
2025-10-17 12:12:22,-0.968423266640898,0,-0.9366377070259736,0.0440633176969364
2025-10-17 12:12:23,-0.925360763665424,0,-0.9387549316973363,0.042822082582272894
2025-10-17 12:12:24,-1.0306060748832968,0,-0.9537002729240326,0.046414264650728294
2025-10-17 12:12:25,-0.9573395885297832,0,-0.9600265055714614,0.04142823066670733
2025-10-17 12:12:26,-1.0135967518365063,0,-0.970207825001871,0.040760112939440846
2025-10-17 12:12:27,-0.9748435472308122,0,-0.9750219950572937,0.03778512155574541
2025-10-17 12:12:28,-1.0071791894012396,0,-0.9844115858494016,0.031955195961298366
2025-10-17 12:12:29,-0.9154391973907476,0,-0.9793419025249677,0.03852328084205766
2025-10-17 12:12:30,-0.9694745027583296,0,-0.9774393924909399,0.03849054018787085
2025-10-17 12:12:31,-0.975406190740551,0,-0.9737669073077588,0.036513995802775735
2025-10-17 12:12:32,-0.9848455277433278,0,-0.975409133418002,0.03661611556947348
2025-10-17 12:12:33,-0.9986272530920164,0,-0.9827357823606612,0.03259874434117178
2025-10-17 12:12:34,-0.9451878797308528,0,-0.9741939628454167,0.029726076231286893
2025-10-17 12:12:35,-0.9855043696196653,0,-0.977010440954405,0.029282695594303697
2025-10-17 12:12:36,-0.9682724871720408,0,-0.9724780144879585,0.026351578377819797
2025-10-17 12:12:37,-0.9409250606549888,0,-0.969086165830376,0.028135777785371047
2025-10-17 12:12:38,-0.9625356492731958,0,-0.9646218118175718,0.024759115446345417
2025-10-17 12:12:39,-0.905931554860671,0,-0.9636710475645641,0.026943771393879108
2025-10-17 12:12:40,-0.8638230579500747,0,-0.9531059030837387,0.04130297206308064
2025-10-17 12:12:41,-0.9536771811757108,0,-0.9509330021272545,0.04056439058885609
2025-10-17 12:12:42,-0.8613352331513074,0,-0.9385819726680523,0.04733033978725505
2025-10-17 12:12:43,-0.8981010941389709,0,-0.9285293567727478,0.04369612815456529
2025-10-17 12:12:44,-0.9760833866563772,0,-0.9316189074653003,0.04603451685361346
2025-10-17 12:12:45,-0.8256823429954353,0,-0.9156367048028775,0.05253273616218484
2025-10-17 12:12:46,-0.8939371250191196,0,-0.9082031685875851,0.04942442815800108
2025-10-17 12:12:47,-0.8794748953585378,0,-0.9020581520579402,0.04871908828450964
2025-10-17 12:12:48,-0.7081669880678583,0,-0.8766212859374063,0.07365675671890587
2025-10-17 12:12:49,-0.7526561656474612,0,-0.8612937470160855,0.08231834207880828
2025-10-17 12:12:50,-0.6747889246828078,0,-0.8423903336893588,0.1012099281302588
2025-10-17 12:12:51,-0.7654114789343128,0,-0.8235637634652189,0.09556128351371215
2025-10-17 12:12:52,-0.6193789240643173,0,-0.79936813255652,0.11382155103949036
2025-10-17 12:12:53,4.257264436295712,1,-0.28383157951305166,1.59925689246128
2025-10-17 12:12:54,-0.7613492945919741,0,-0.26235817030661135,1.5903459792502075
2025-10-17 12:12:55,-0.6761146488411505,0,-0.2474014008911829,1.5851542600690671
2025-10-17 12:12:56,-0.6057683608876774,0,-0.21858452447803867,1.574679528797223
2025-10-17 12:12:57,-0.6841909417686473,0,-0.1990561291190496,1.5667638351769002
2025-10-17 12:12:58,-0.5996871986079257,0,-0.18820815017305634,1.5632187178181127
2025-10-17 12:12:59,-0.5718950501454686,0,-0.17013203862285708,1.5569993025967837
2025-10-17 12:13:00,-0.6095089355535658,0,-0.1636040397099329,1.554783614519057
2025-10-17 12:13:01,-0.4689995603233073,0,-0.13396284784883233,1.544829261308257
2025-10-17 12:13:02,-0.4617260794867953,0,-0.11819756339108012,1.5401223452978923
2025-10-17 12:13:03,-0.5872389986939287,0,-0.6026479068900441,0.0920159107848506
2025-10-17 12:13:04,-0.5154010737663484,0,-0.5780530848074815,0.07643383284976847
2025-10-17 12:13:05,-0.5129799787098068,0,-0.5617396177943472,0.07034543653645589
2025-10-17 12:13:06,-0.4816283437507963,0,-0.5493256160806591,0.0726288400006567
2025-10-17 12:13:07,-0.3793493547059356,0,-0.5188414573743879,0.07369981881198823
2025-10-17 12:13:08,-0.3095044416344252,0,-0.48982318167703787,0.09294581376928908
2025-10-17 12:13:09,-0.3066466671626156,0,-0.46329834337875253,0.10410064151972764
2025-10-17 12:13:10,-0.3634137033179185,0,-0.43868882015518784,0.0943254471417566
2025-10-17 12:13:11,-0.259801989026087,0,-0.41776906302546585,0.10892454309935931
2025-10-17 12:13:12,-0.1943693337300974,0,-0.39103338844979596,0.12806606871608583
2025-10-17 12:13:13,-0.300622820954079,0,-0.36237177067581106,0.11008623261230975
2025-10-17 12:13:14,-0.248720514320195,0,-0.3357037147311957,0.10080652309422981
2025-10-17 12:13:15,-0.1309696958121209,0,-0.29750268644142713,0.09851878275159995
2025-10-17 12:13:16,-0.1436730651486827,0,-0.26370715858121574,0.08543579308962014
2025-10-17 12:13:17,-0.0599062837369763,0,-0.23176285148431983,0.09640813945086273
2025-10-17 12:13:18,-0.031135106430912,0,-0.20392591796396853,0.11060919830113429
2025-10-17 12:13:19,-0.0081917136687299,0,-0.17408042261457995,0.11970442451120647
2025-10-17 12:13:20,0.0908918775567624,0,-0.12864986452711186,0.12591276337336238
2025-10-17 12:13:21,0.0541875503428987,0,-0.09725091059021326,0.12869253334780636
2025-10-17 12:13:22,0.1033299371439548,0,-0.06748098350280805,0.13783811601213466
2025-10-17 12:13:23,0.1102812018582496,0,-0.026390581221575192,0.12080939193154243
2025-10-17 12:13:24,0.1328414624271492,0,0.011765616453159225,0.10149957469686482
2025-10-17 12:13:25,0.2634435909350862,0,0.05120694512787993,0.1155334114100454
2025-10-17 12:13:26,0.2020925503133198,0,0.08578350667408019,0.1016336469502033
2025-10-17 12:13:27,0.2037709157597357,0,0.11215122662375139,0.09351620825104343
2025-10-17 12:13:28,0.2610888031341669,0,0.14137361758025926,0.089330521084632
2025-10-17 12:13:29,0.3088731887836834,0,0.1730801078255006,0.08657224393550834
2025-10-17 12:13:30,0.3006719771309021,0,0.19405811778291457,0.08980026706262476
2025-10-17 12:13:31,0.1905508154214866,0,0.20769444429077338,0.0753995455396279
2025-10-17 12:13:32,0.4298739953227735,0,0.24034885010865525,0.09367468741449828
2025-10-17 12:13:33,0.3253958558192521,0,0.26186031550475547,0.08476273564348552
2025-10-17 12:13:34,0.504595758551841,0,0.29903574511722464,0.10171692603440327
2025-10-17 12:13:35,0.5421145339585001,0,0.32690283941956605,0.12612680747461835
2025-10-17 12:13:36,0.5130768895129489,0,0.35800127333952897,0.1302065823614753
2025-10-17 12:13:37,0.4861225955092097,0,0.38623644131447643,0.12348621592077141
2025-10-17 12:13:38,0.6075245025276802,0,0.42088001125382773,0.13272541204132032
2025-10-17 12:13:39,0.6205059015149029,0,0.4520432825269497,0.13989590893553328
2025-10-17 12:13:40,-4.326207658827832,1,-0.010644681068923755,1.5218448255663506
2025-10-17 12:13:41,0.7392765104633316,0,0.0442278884352607,1.5396932318841563
2025-10-17 12:13:42,0.6033237957679771,0,0.06157286847978107,1.5454864054652164
2025-10-17 12:13:43,0.6533139488457738,0,0.09436467778243324,1.5551547252522901
2025-10-17 12:13:44,0.7440378943521384,0,0.11830889136246299,1.5639909231879925
2025-10-17 12:13:45,0.6791836617982681,0,0.1320158041464398,1.5687113947853422
2025-10-17 12:13:46,0.8163537531057775,0,0.16234349050572264,1.5797894428326857
2025-10-17 12:13:47,5.766080444696875,1,0.6903392754244893,2.3797957803881995
2025-10-17 12:13:48,0.795840421564366,0,0.7091708673281578,2.379812726616014
2025-10-17 12:13:49,0.8505899907102931,0,0.7321792762476969,2.3799724916094056
2025-10-17 12:13:50,0.7937392854832457,0,1.2441739706788044,1.5907212593976074
2025-10-17 12:13:51,0.8428525397459501,0,1.2545315736070666,1.5874022024856052
2025-10-17 12:13:52,0.9211468545941374,0,1.2863138794896825,1.5760564154942902
2025-10-17 12:13:53,0.8989566910035607,0,1.310878153705461,1.5669824882729082
2025-10-17 12:13:54,0.8633251590493762,0,1.322806880175185,1.562635946983159
2025-10-17 12:13:55,0.8373915883432476,0,1.3386276728296829,1.5561831550568364
2025-10-17 12:13:56,0.882188427839095,0,1.3452111403030147,1.5538656965219186
2025-10-17 12:13:57,5.92178431486454,1,1.3607815273197812,1.6030872878263405
2025-10-17 12:13:58,0.8878174740221066,0,1.3699792325655553,1.599746168630631
2025-10-17 12:13:59,0.939385391366498,0,1.3788587726311756,1.5967866219950493
2025-10-17 12:14:00,0.9764751391198916,0,1.3971323579948405,1.590379276241932
2025-10-17 12:14:01,0.9659269631335834,0,1.4094398003336037,1.5860836962982654
2025-10-17 12:14:02,1.058138300675089,0,1.423138944941699,1.58198396895031
2025-10-17 12:14:03,1.0024419331597851,0,1.4334874691573214,1.5785087027876141
2025-10-17 12:14:04,1.0437434270447807,0,1.4515292959568618,1.5722866506510007
2025-10-17 12:14:05,1.057442462319666,0,1.4735343833545038,1.5642557646851882
2025-10-17 12:14:06,0.9790479934940288,0,1.483220339919997,1.5604825980468888
2025-10-17 12:14:07,1.0627965974206943,0,0.9973215681756125,0.05857876845097874
2025-10-17 12:14:08,1.0145532455640651,0,1.0099951453298082,0.04420009742260132
2025-10-17 12:14:09,0.9787437816832942,0,1.0139309843614879,0.038613238368439926
2025-10-17 12:14:10,0.8961076966501209,0,1.0058942401145108,0.05296994304857281
2025-10-17 12:14:11,0.9933722600937868,0,1.008638769810531,0.051355434766998935
2025-10-17 12:14:12,0.938755009697374,0,0.9967004407127596,0.05243485426512283
2025-10-17 12:14:13,0.9805782400605813,0,0.9945140714028392,0.05262433318342191
2025-10-17 12:14:14,0.999113357878578,0,0.9900510644862189,0.04980219055733866
2025-10-17 12:14:15,1.0553461398766804,0,0.9898414322419203,0.04949043742684803
2025-10-17 12:14:16,0.9108914289893858,0,0.9830257757914561,0.05547352074575745
2025-10-17 12:14:17,1.0249072294683368,0,0.9792368389962203,0.05048972975178196
2025-10-17 12:14:18,0.8920513283894774,0,0.9669866472787616,0.05557408269790244
2025-10-17 12:14:19,0.8797763273928239,0,0.9570899018497145,0.061720032758818925
2025-10-17 12:14:20,0.8821568158846185,0,0.9556948137731643,0.0633867645732494
2025-10-17 12:14:21,0.9397330292088892,0,0.9503308906846746,0.06210064340677727
2025-10-17 12:14:22,0.9529896565367176,0,0.9517543553686089,0.06196882253913494
2025-10-17 12:14:23,0.941752108194416,0,0.9478717421819924,0.06117342966264005
2025-10-17 12:14:24,0.902373107140834,0,0.9381977171082181,0.05980361515488404
2025-10-17 12:14:25,0.8774726987559955,0,0.9204103729961496,0.04593247490909144
2025-10-17 12:14:26,0.8729202098898545,0,0.9166132510861964,0.04831454141622016
2025-10-17 12:14:27,0.8640236544199416,0,0.9005248935813569,0.03241807051285696
2025-10-17 12:14:28,0.8121199374841837,0,0.8925317544908274,0.04289925393325041
2025-10-17 12:14:29,0.7929732977866474,0,0.8838514515302098,0.05329042302770927
2025-10-17 12:14:30,0.7381046354886719,0,0.8694462334906152,0.07049269639618429
2025-10-17 12:14:31,0.8003296082016418,0,0.8555058913898904,0.06881256754319648
2025-10-17 12:14:32,0.733469816183933,0,0.8335539073546119,0.069271886409522
2025-10-17 12:14:33,0.7329455754467673,0,0.8126732540798469,0.0643277348108903
2025-10-17 12:14:34,0.7119949332766118,0,0.7936354366934248,0.06298870527087518
2025-10-17 12:14:35,0.6230277423600988,0,0.7681909410538352,0.0755073713821406
2025-10-17 12:14:36,0.6723434366503881,0,0.7481332637298885,0.07110843702909747
2025-10-17 12:14:37,0.6929074001786895,0,0.7310216383057633,0.05981352917806453
2025-10-17 12:14:38,0.6432886716846602,0,0.714138511725811,0.0581842515214253
2025-10-17 12:14:39,0.6137871786627499,0,0.6962198998134211,0.058796602463807565
2025-10-17 12:14:40,0.5794686165580026,0,0.6803562979203543,0.06705997030897634
2025-10-17 12:14:41,0.5441037208605187,0,0.6547337091862421,0.06504644118866011
2025-10-17 12:14:42,0.4540854977913478,0,0.6267952773469835,0.08454724258348584
2025-10-17 12:14:43,0.5293874241601715,0,0.6064394622183238,0.08056118312362606
2025-10-17 12:14:44,0.5193588246631439,0,0.5871758513569771,0.0753813644587831
2025-10-17 12:14:45,0.3242119396549702,0,0.5572942710864642,0.1105927078887516
2025-10-17 12:14:46,0.4293088759617586,0,0.5329908150176013,0.10919610007426526
2025-10-17 12:14:47,0.3750859813012966,0,0.501208673129862,0.10358768229783052
2025-10-17 12:14:48,0.3783275053864848,0,0.4747125565000445,0.09687694643008704
2025-10-17 12:14:49,0.3163842039603739,0,0.44497225902980686,0.09507163877752971
2025-10-17 12:14:50,0.2491968687535027,0,0.4119450842493569,0.10037614756964497
2025-10-17 12:14:51,0.225958838004386,0,0.38013059596374366,0.10418023960688266
2025-10-17 12:14:52,0.326357914988344,0,0.3673578376834432,0.10191087669299247
2025-10-17 12:14:53,0.1358032677268199,0,0.327999422040108,0.1081899175059252
2025-10-17 12:14:54,0.134267603121667,0,0.28949029988596037,0.10079109090248739
2025-10-17 12:14:55,0.1265455571529246,0,0.2697236616357558,0.1119860076015267
2025-10-17 12:14:56,0.1842168099075127,0,0.24521445503033118,0.09927781561719055
2025-10-17 12:14:57,0.0448549132576054,0,0.21219134822596208,0.10597527954763072
2025-10-17 12:14:58,-0.0028467946887013,0,0.17407391821844348,0.108108810600517
2025-10-17 12:14:59,0.046268947650845,0,0.1470623925874906,0.10218355068200895
2025-10-17 12:15:00,0.0278386132761661,0,0.12492656703975694,0.10157439138911198
2025-10-17 12:15:01,-0.0732347275806591,0,0.09500721048125242,0.11203417772925656
2025-10-17 12:15:02,-0.0428504355416206,0,0.05808637542825597,0.08486264346065325
2025-10-17 12:15:03,-0.1285569399303227,0,0.031650354662541715,0.09810549547208613
2025-10-17 12:15:04,-5.173746858641427,1,-0.4991510915137677,1.6450177401994852
2025-10-17 12:15:05,-0.1490698010372731,0,-0.5267126273327875,1.6356519094966766
2025-10-17 12:15:06,-0.2498211539185539,0,-0.5701164237153942,1.620378002856521
2025-10-17 12:15:07,-0.2851724877036432,0,-0.603119163811519,1.6097872648308593
2025-10-17 12:15:08,-0.2553280857300259,0,-0.6283672929156514,1.6012839424360812
2025-10-17 12:15:09,-0.2945564834865442,0,-0.6624498360293903,1.5889084925993056
2025-10-17 12:15:10,-0.3639840574753908,0,-0.701632103104546,1.5747628730799603
2025-10-17 12:15:11,-0.3214387450199811,0,-0.7264525048484782,1.5656878560207783
2025-10-17 12:15:12,-0.3809321216865735,0,-0.7602606734629734,1.5528843695161285
2025-10-17 12:15:13,-0.3738087036848928,0,-0.7847858498384305,1.5437087182428675
2025-10-17 12:15:14,-0.45748048901743,0,-0.3131592128760309,0.08638587623490925
2025-10-17 12:15:15,-0.4613750064179973,0,-0.3443897334141032,0.07634119956757932
2025-10-17 12:15:16,-0.5352711455369659,0,-0.37293473257594445,0.0893160034543202
2025-10-17 12:15:17,-0.5155054858607007,0,-0.39596803239165024,0.09375797170292835
2025-10-17 12:15:18,-0.6340294409070795,0,-0.4338381679093556,0.10628430599455371
2025-10-17 12:15:19,-0.4892765329809759,0,-0.45331017285879877,0.09518964593865722
2025-10-17 12:15:20,-0.5656411241914457,0,-0.47347587953040426,0.09552320760916762
2025-10-17 12:15:21,-0.6193331593132082,0,-0.503265320959727,0.08907368754531583
2025-10-17 12:15:22,-0.669179823339698,0,-0.5320900911250394,0.09168825989371816
2025-10-17 12:15:23,-0.7284326554994166,0,-0.5675524863064918,0.09224497774712917
2025-10-17 12:15:24,-0.7280219374457799,0,-0.5946066311493268,0.09597311886731905
2025-10-17 12:15:25,-0.698966583267056,0,-0.6183657888342327,0.08843887653476792
2025-10-17 12:15:26,-0.6864411451943708,0,-0.6334827887999732,0.08552920973679427
2025-10-17 12:15:27,-0.6851013082687023,0,-0.6504423710407733,0.07579707170340401
2025-10-17 12:15:28,-0.7659531636121395,0,-0.6636347433112793,0.08369238434287135
2025-10-17 12:15:29,-0.7949617634073959,0,-0.6942032663539213,0.06711630987456514
2025-10-17 12:15:30,-0.832582795583248,0,-0.7208974334931015,0.06327741002951308
2025-10-17 12:15:31,-0.8665363945154042,0,-0.7456177570133211,0.06734714116584625
2025-10-17 12:15:32,-0.9102928419811166,0,-0.769729058877463,0.07907964616478702
2025-10-17 12:15:33,-0.7813301791681055,0,-0.7750188112443318,0.07776866849612299
2025-10-17 12:15:34,-0.894738478837653,0,-0.7916904653835192,0.08417992921342164
2025-10-17 12:15:35,-0.8773878014395431,0,-0.8095325872007679,0.08119882752596709
2025-10-17 12:15:36,-0.9296200515749956,0,-0.8338504778388304,0.07651807649764493
2025-10-17 12:15:37,-1.007532317249645,0,-0.8660935787369247,0.07478713096082848
2025-10-17 12:15:38,-0.8976076789768241,0,-0.8792590302733931,0.06630718014341698
2025-10-17 12:15:39,-0.9492890854151096,0,-0.8946917624741644,0.062348720415820354
2025-10-17 12:15:40,-5.979943801792369,1,-1.4094278630950765,1.6069773044527103
2025-10-17 12:15:41,-0.8886624261508245,0,-1.4116404662586186,1.6061617827315473
2025-10-17 12:15:42,-0.983236793619202,0,-1.418934861422427,1.6037958180904806
2025-10-17 12:15:43,-1.0004096353321503,0,-1.4408428070388317,1.5955936996181632
2025-10-17 12:15:44,-0.9754734799343712,0,-1.4489163071485034,1.592725133140611
2025-10-17 12:15:45,-1.1046867870006047,0,-1.4716462057046098,1.5852669874840086
2025-10-17 12:15:46,-1.0450624940446958,0,-1.4831904499515796,1.581296634270619
2025-10-17 12:15:47,-1.049659517734661,0,-1.4874031700000814,1.5799441744667084
2025-10-17 12:15:48,-1.0420114439433248,0,-1.5018435464967312,1.5746054946330172
2025-10-17 12:15:49,-1.0061606683471769,0,-1.507530704789938,1.5724893152469115
2025-10-17 12:15:50,-0.9193718976505352,0,-1.0014735143757547,0.0641325810499104
2025-10-17 12:15:51,-1.0003511925278807,0,-1.0126423910134603,0.05060124229421887
2025-10-17 12:15:52,-1.063370065301931,0,-1.020655718181733,0.05175889097323202
2025-10-17 12:15:53,-1.0113817132619891,0,-1.0217529259747171,0.0513970489858661
2025-10-17 12:15:54,-0.9039085199546412,0,-1.014596429976744,0.06236832561024773
2025-10-17 12:15:55,-0.9372734321135126,0,-0.9978550944880347,0.05780054092908037
2025-10-17 12:15:56,-0.930812478080018,0,-0.9864300928915671,0.05871682516052615
2025-10-17 12:15:57,-1.007557004675413,0,-0.9822198415856424,0.05507582055406261
2025-10-17 12:15:58,-0.9404771515147206,0,-0.9720664123427818,0.05210737769824706
2025-10-17 12:15:59,-0.9738596433744215,0,-0.9688363098455062,0.050742345956914285
2025-10-17 12:16:00,-0.8546464014669117,0,-0.9623637602271439,0.060870298517966194
2025-10-17 12:16:01,-1.0118235677570309,0,-0.9635109977500589,0.06176730992986446
2025-10-17 12:16:02,-0.8541260834334993,0,-0.9425865995632158,0.05958348661672016
2025-10-17 12:16:03,-0.9436786116367152,0,-0.9358162894006885,0.05453009436307954
2025-10-17 12:16:04,-0.9016820021264776,0,-0.9355936376178722,0.05467919449921776
2025-10-17 12:16:05,-0.9220835917471634,0,-0.9340746535812372,0.05483810040533978
2025-10-17 12:16:06,-0.8711136432961989,0,-0.9281047701028552,0.0583685676867768
2025-10-17 12:16:07,-0.8409936081798659,0,-0.9114484304533004,0.056924284694710524
2025-10-17 12:16:08,-0.8089835192333605,0,-0.8982990672251645,0.06419648791348341
2025-10-17 12:16:09,-0.8030665970568978,0,-0.8812197625934122,0.06457854630270421
2025-10-17 12:16:10,-0.6798641863070046,0,-0.8637415410774214,0.09087020052408473
2025-10-17 12:16:11,-0.8347862381434844,0,-0.8460378081160668,0.07460446920212141
2025-10-17 12:16:12,-0.7941272098242946,0,-0.8400379207551463,0.07627562954205729
2025-10-17 12:16:13,-0.77241966043054,0,-0.8229120256345288,0.0693298223826019
2025-10-17 12:16:14,-0.7269571217454175,0,-0.8054395375964228,0.06928954903225326
2025-10-17 12:16:15,-0.6541352528774812,0,-0.7786447037094545,0.07095921709852869
2025-10-17 12:16:16,-0.6303135629001931,0,-0.754564695669854,0.0767174100874496
2025-10-17 12:16:17,-0.6902712161259403,0,-0.7394924564644614,0.07254272284683015
2025-10-17 12:16:18,-0.6466346284047539,0,-0.7232575673816007,0.07342408924579913
2025-10-17 12:16:19,-0.6266664474953716,0,-0.7056175524254481,0.07330949148856405
2025-10-17 12:16:20,-0.6482457737351559,0,-0.7024557111682632,0.07520109825077732
2025-10-17 12:16:21,-0.6162022311452799,0,-0.6805973104684429,0.06328703942980246
2025-10-17 12:16:22,-0.5095677086729677,0,-0.65214136035331,0.07016798883245563
2025-10-17 12:16:23,-0.495853067469783,0,-0.6244847010572344,0.07197389410976421
2025-10-17 12:16:24,-0.570354898329381,0,-0.6088244787156308,0.06376971224970186
2025-10-17 12:16:25,-0.3888538640437572,0,-0.5822963398322584,0.09183062267113126
2025-10-17 12:16:26,-0.3842753158817806,0,-0.5576925151304171,0.10890819765959882
2025-10-17 12:16:27,-0.4088234812764978,0,-0.5295477416454728,0.1071927413560947
2025-10-17 12:16:28,-0.3089026701813779,0,-0.49577454582313524,0.1187813935788427
2025-10-17 12:16:29,-0.3588004233917853,0,-0.4689879434127766,0.11615850031092366
2025-10-17 12:16:30,-0.2773513104014392,0,-0.431898497079405,0.11168911905484241
2025-10-17 12:16:31,-0.2712242313824022,0,-0.3974006971031172,0.10122445086255273
2025-10-17 12:16:32,-0.185507633939492,0,-0.3649946896297696,0.11256269541931596
2025-10-17 12:16:33,-0.1830952509221232,0,-0.33371890797500364,0.1155734442636307
2025-10-17 12:16:34,-0.1526597069177822,0,-0.29194938883384375,0.09401767223611197
2025-10-17 12:16:35,-0.1447909736750624,0,-0.26754309979697427,0.09767426399637194
2025-10-17 12:16:36,-0.0983880076787285,0,-0.23895436897666905,0.10147590641428182
2025-10-17 12:16:37,-0.0466575312248079,0,-0.20273777397150008,0.09870403414110221
2025-10-17 12:16:38,-0.0280123196805307,0,-0.17464873892141536,0.10490759822658433
2025-10-17 12:16:39,-0.03231783284674,0,-0.14200047986691083,0.09112725731323783
