timestamp,signal_value,is_anomaly
2025-10-17 12:00:00,0.010117914655714171,0
2025-10-17 12:00:01,0.04928979071500564,0
2025-10-17 12:00:02,5.089903095756241,1
2025-10-17 12:00:03,0.061729416061666036,0
2025-10-17 12:00:04,0.15366390421052262,0
2025-10-17 12:00:05,0.1877317121878944,0
2025-10-17 12:00:06,0.19774202523347043,0
2025-10-17 12:00:07,0.18160260566366423,0
2025-10-17 12:00:08,0.2484895140009825,0
2025-10-17 12:00:09,0.24880222134099736,0
2025-10-17 12:00:10,0.30762325631896337,0
2025-10-17 12:00:11,0.28472044417362186,0
2025-10-17 12:00:12,0.27462322536878897,0
2025-10-17 12:00:13,0.2918302304020174,0
2025-10-17 12:00:14,0.4799889357277258,0
2025-10-17 12:00:15,0.4231842359970972,0
2025-10-17 12:00:16,0.4032484117421332,0
2025-10-17 12:00:17,0.49531433693963905,0
2025-10-17 12:00:18,0.504553439038309,0
2025-10-17 12:00:19,0.618465484356411,0
2025-10-17 12:00:20,0.5134858304488874,0
2025-10-17 12:00:21,0.5190167399306524,0
2025-10-17 12:00:22,0.6370444392967646,0
2025-10-17 12:00:23,0.6468645814101291,0
2025-10-17 12:00:24,0.6962692768012708,0
2025-10-17 12:00:25,0.7495673596383388,0
2025-10-17 12:00:26,0.7427587441656479,0
2025-10-17 12:00:27,0.7653505658086343,0
2025-10-17 12:00:28,0.6946584532589686,0
2025-10-17 12:00:29,0.7452079915436233,0
2025-10-17 12:00:30,0.7715556454643322,0
2025-10-17 12:00:31,0.9323310154188893,0
2025-10-17 12:00:32,0.8727592739123015,0
2025-10-17 12:00:33,0.8822707286459098,0
2025-10-17 12:00:34,0.8152177038862889,0
2025-10-17 12:00:35,0.84374317068763,0
2025-10-17 12:00:36,0.9518973859337495,0
2025-10-17 12:00:37,0.928428703989461,0
2025-10-17 12:00:38,0.9201580248485042,0
2025-10-17 12:00:39,0.8918283207494231,0
2025-10-17 12:00:40,1.0110656401817348,0
2025-10-17 12:00:41,0.9898424459474575,0
2025-10-17 12:00:42,1.0091693557808765,0
2025-10-17 12:00:43,0.9943605275174259,0
2025-10-17 12:00:44,0.925925255793848,0
2025-10-17 12:00:45,1.0263745390166452,0
2025-10-17 12:00:46,0.9907099639739309,0
2025-10-17 12:00:47,1.0195244870105893,0
2025-10-17 12:00:48,0.9573494896517212,0
2025-10-17 12:00:49,1.0704429580797143,0
2025-10-17 12:00:50,1.0296154200224001,0
2025-10-17 12:00:51,1.0037448019632276,0
2025-10-17 12:00:52,1.0945410474634754,0
2025-10-17 12:00:53,1.0267342794081609,0
2025-10-17 12:00:54,1.0114220127795235,0
2025-10-17 12:00:55,1.0183379517000215,0
2025-10-17 12:00:56,0.9447422363205108,0
2025-10-17 12:00:57,0.91650699335065,0
2025-10-17 12:00:58,0.9572158092315216,0
2025-10-17 12:00:59,0.8646649392138163,0
2025-10-17 12:01:00,0.9381328902859627,0
2025-10-17 12:01:01,0.8948639704223813,0
2025-10-17 12:01:02,0.8776144784103342,0
2025-10-17 12:01:03,0.9722305246522622,0
2025-10-17 12:01:04,0.9349258707864179,0
2025-10-17 12:01:05,0.9615773915894055,0
2025-10-17 12:01:06,0.8944540473167824,0
2025-10-17 12:01:07,0.8417631107636615,0
2025-10-17 12:01:08,0.831717134447891,0
2025-10-17 12:01:09,0.86282919971476,0
2025-10-17 12:01:10,0.8474574903113464,0
2025-10-17 12:01:11,0.7445794793440731,0
2025-10-17 12:01:12,0.7353622376111163,0
2025-10-17 12:01:13,0.7514390609974219,0
2025-10-17 12:01:14,0.7039075936221574,0
2025-10-17 12:01:15,0.7932365725694239,0
2025-10-17 12:01:16,0.726424980593134,0
2025-10-17 12:01:17,0.6461971190844933,0
2025-10-17 12:01:18,0.6161052871351066,0
2025-10-17 12:01:19,0.6143984521966089,0
2025-10-17 12:01:20,0.5574714855175437,0
2025-10-17 12:01:21,0.594029069308814,0
2025-10-17 12:01:22,0.5286109887165769,0
2025-10-17 12:01:23,0.4954584138432271,0
2025-10-17 12:01:24,0.4795211244618666,0
2025-10-17 12:01:25,0.5053870320126258,0
2025-10-17 12:01:26,0.43064832279615584,0
2025-10-17 12:01:27,0.4168887142809884,0
2025-10-17 12:01:28,-4.533335371407222,1
2025-10-17 12:01:29,0.39082147921600197,0
2025-10-17 12:01:30,0.33844940619702224,0
2025-10-17 12:01:31,0.2582577301370748,0
2025-10-17 12:01:32,0.2147674782497512,0
2025-10-17 12:01:33,0.2195991010571723,0
2025-10-17 12:01:34,0.14226213738583263,0
2025-10-17 12:01:35,0.17618374303658085,0
2025-10-17 12:01:36,0.14876776885803103,0
2025-10-17 12:01:37,0.06418269650356985,0
2025-10-17 12:01:38,0.0869799867831253,0
2025-10-17 12:01:39,0.003791648814997939,0
2025-10-17 12:01:40,-0.034799504129664,0
2025-10-17 12:01:41,-0.016037643600948507,0
2025-10-17 12:01:42,-0.05660342457427185,0
2025-10-17 12:01:43,4.813951824955144,1
2025-10-17 12:01:44,-0.1426936237701285,0
2025-10-17 12:01:45,-0.11750790166571173,0
2025-10-17 12:01:46,-0.168606019314592,0
2025-10-17 12:01:47,-0.26793433550765033,0
2025-10-17 12:01:48,-0.24638277800811906,0
2025-10-17 12:01:49,-0.34028426905583004,0
2025-10-17 12:01:50,-0.33787567418893283,0
2025-10-17 12:01:51,-0.3926375187278805,0
2025-10-17 12:01:52,-0.3032905254211493,0
2025-10-17 12:01:53,-0.3683236738324723,0
2025-10-17 12:01:54,-0.40320023807693234,0
2025-10-17 12:01:55,-0.43763874212081466,0
2025-10-17 12:01:56,-0.44947442650832464,0
2025-10-17 12:01:57,-0.575266207832132,0
2025-10-17 12:01:58,-0.4128459864884581,0
2025-10-17 12:01:59,-0.5371308724888788,0
2025-10-17 12:02:00,-0.6681287487724297,0
2025-10-17 12:02:01,-0.6814095353822902,0
2025-10-17 12:02:02,-0.7287926914027291,0
2025-10-17 12:02:03,-0.6353684118612217,0
2025-10-17 12:02:04,-0.754357342341614,0
2025-10-17 12:02:05,-0.6921967546090801,0
2025-10-17 12:02:06,-0.7411938943256338,0
2025-10-17 12:02:07,-0.801035995426877,0
2025-10-17 12:02:08,-0.7214426948320044,0
2025-10-17 12:02:09,-0.7156153713551565,0
2025-10-17 12:02:10,-0.7663944511193435,0
2025-10-17 12:02:11,-0.8664430729974386,0
2025-10-17 12:02:12,-0.8758346802962349,0
2025-10-17 12:02:13,-0.8910039840192738,0
2025-10-17 12:02:14,-0.8442392937887753,0
2025-10-17 12:02:15,-0.9741094319052684,0
2025-10-17 12:02:16,-0.9761977506492094,0
2025-10-17 12:02:17,-0.9727967172821063,0
2025-10-17 12:02:18,-0.880898847879671,0
2025-10-17 12:02:19,-0.9413475570947294,0
2025-10-17 12:02:20,-0.9330489521879336,0
2025-10-17 12:02:21,-1.0101403211119961,0
2025-10-17 12:02:22,-0.9345162495925237,0
2025-10-17 12:02:23,-1.050022377207089,0
2025-10-17 12:02:24,-1.05320182845121,0
2025-10-17 12:02:25,-0.8862056810627407,0
2025-10-17 12:02:26,-1.0044190545826304,0
2025-10-17 12:02:27,-1.087745207587402,0
2025-10-17 12:02:28,-0.9563889619085515,0
2025-10-17 12:02:29,-0.9419228952900193,0
2025-10-17 12:02:30,-0.9591775544900233,0
2025-10-17 12:02:31,-0.9854375817087581,0
2025-10-17 12:02:32,-0.9914454442157777,0
2025-10-17 12:02:33,-0.996236864162929,0
2025-10-17 12:02:34,-1.0140193713730326,0
2025-10-17 12:02:35,-1.0327549368383815,0
2025-10-17 12:02:36,-0.9363550481697679,0
2025-10-17 12:02:37,-0.9982787142181762,0
2025-10-17 12:02:38,-1.0064072097479628,0
2025-10-17 12:02:39,-1.0325436010912719,0
2025-10-17 12:02:40,-1.0068734741622887,0
2025-10-17 12:02:41,-0.8834359995664056,0
2025-10-17 12:02:42,-0.9583881586647016,0
2025-10-17 12:02:43,-0.8449704840074863,0
2025-10-17 12:02:44,-0.9131604129312991,0
2025-10-17 12:02:45,-0.9068569157843436,0
2025-10-17 12:02:46,-0.8751898565270083,0
2025-10-17 12:02:47,-0.9633035809469522,0
2025-10-17 12:02:48,-0.7207761303129779,0
2025-10-17 12:02:49,-0.8280813392453001,0
2025-10-17 12:02:50,-0.893633926605272,0
2025-10-17 12:02:51,-0.768515760358469,0
2025-10-17 12:02:52,-0.7184472334351446,0
2025-10-17 12:02:53,-0.7507255412464994,0
2025-10-17 12:02:54,-0.7130376099195599,0
2025-10-17 12:02:55,-0.6147864179199404,0
2025-10-17 12:02:56,-0.7171323622271728,0
2025-10-17 12:02:57,-0.5987210413776439,0
2025-10-17 12:02:58,-0.5918714374716968,0
2025-10-17 12:02:59,-0.6166565577372114,0
2025-10-17 12:03:00,-0.6623123696327772,0
2025-10-17 12:03:01,-0.6366772862823438,0
2025-10-17 12:03:02,-0.5957368914523853,0
2025-10-17 12:03:03,-0.5691698554371318,0
2025-10-17 12:03:04,-0.5296781758019214,0
2025-10-17 12:03:05,-0.4947458442702225,0
2025-10-17 12:03:06,-0.4186689768849555,0
2025-10-17 12:03:07,-0.3290567276254467,0
2025-10-17 12:03:08,-0.386856876042646,0
2025-10-17 12:03:09,-0.268600881369825,0
2025-10-17 12:03:10,-0.36541813348939317,0
2025-10-17 12:03:11,-0.3283363245072407,0
2025-10-17 12:03:12,-0.2348648710673937,0
2025-10-17 12:03:13,-0.1682047565901518,0
2025-10-17 12:03:14,-0.14547555549377833,0
2025-10-17 12:03:15,-0.0941995300668639,0
2025-10-17 12:03:16,-0.12744739636519697,0
2025-10-17 12:03:17,-0.09310914098562319,0
2025-10-17 12:03:18,-0.12438995757714921,0
2025-10-17 12:03:19,-0.026257914927822344,0
2025-10-17 12:03:20,-0.0323417147076255,0
2025-10-17 12:03:21,0.00805955980388498,0
2025-10-17 12:03:22,0.11308790387961902,0
2025-10-17 12:03:23,0.1602901087756039,0
2025-10-17 12:03:24,0.05207381406869886,0
2025-10-17 12:03:25,0.16199889933827044,0
2025-10-17 12:03:26,0.1505256136157873,0
2025-10-17 12:03:27,0.19311498402750604,0
2025-10-17 12:03:28,0.3157841749111808,0
2025-10-17 12:03:29,0.2861635651055236,0
2025-10-17 12:03:30,0.3039429407818586,0
2025-10-17 12:03:31,0.35605893527086135,0
2025-10-17 12:03:32,0.40321895747723546,0
2025-10-17 12:03:33,0.3865341227889965,0
2025-10-17 12:03:34,0.4626204999645412,0
2025-10-17 12:03:35,0.44012712204579857,0
2025-10-17 12:03:36,0.4833638670466914,0
2025-10-17 12:03:37,0.3888301227270194,0
2025-10-17 12:03:38,0.6333663979405364,0
2025-10-17 12:03:39,0.5745754663067453,0
2025-10-17 12:03:40,0.49175745901523243,0
2025-10-17 12:03:41,0.6845405344698665,0
2025-10-17 12:03:42,0.6702673062774048,0
2025-10-17 12:03:43,0.7370226337723327,0
2025-10-17 12:03:44,0.627676776648679,0
2025-10-17 12:03:45,0.7765946678878269,0
2025-10-17 12:03:46,0.7645004073710161,0
2025-10-17 12:03:47,0.7189706567450778,0
2025-10-17 12:03:48,0.8222037991714465,0
2025-10-17 12:03:49,0.8051393301813143,0
2025-10-17 12:03:50,0.8150285998751693,0
2025-10-17 12:03:51,0.732912774208074,0
2025-10-17 12:03:52,0.8849079092768773,0
2025-10-17 12:03:53,0.9547305849541782,0
2025-10-17 12:03:54,0.8773085034526299,0
2025-10-17 12:03:55,0.9096178015259099,0
2025-10-17 12:03:56,0.9320657148054767,0
2025-10-17 12:03:57,0.9335015922804101,0
2025-10-17 12:03:58,0.9294754693952597,0
2025-10-17 12:03:59,0.9450260132821932,0
2025-10-17 12:04:00,0.9830305944545668,0
2025-10-17 12:04:01,0.9582660920888775,0
2025-10-17 12:04:02,1.0409512377703076,0
2025-10-17 12:04:03,0.99553507039127,0
2025-10-17 12:04:04,0.9911840757503806,0
2025-10-17 12:04:05,0.9859090564446938,0
2025-10-17 12:04:06,1.0293678717207728,0
2025-10-17 12:04:07,0.9900539554175171,0
2025-10-17 12:04:08,1.017578814573541,0
2025-10-17 12:04:09,0.9906607362769968,0
2025-10-17 12:04:10,0.9595634909962306,0
2025-10-17 12:04:11,0.9598686082811277,0
2025-10-17 12:04:12,0.986664683164146,0
2025-10-17 12:04:13,0.9371947521096888,0
2025-10-17 12:04:14,1.0227354888539146,0
2025-10-17 12:04:15,1.0188491879693107,0
2025-10-17 12:04:16,0.9834412772871369,0
2025-10-17 12:04:17,0.9875651211911892,0
2025-10-17 12:04:18,0.9525894490713548,0
2025-10-17 12:04:19,0.8660338321735623,0
2025-10-17 12:04:20,0.90907424317755,0
2025-10-17 12:04:21,0.8807743278265397,0
2025-10-17 12:04:22,0.8981361002327377,0
2025-10-17 12:04:23,0.892905691551629,0
2025-10-17 12:04:24,0.9286519475283945,0
2025-10-17 12:04:25,0.919421254960924,0
2025-10-17 12:04:26,0.8358417364221236,0
2025-10-17 12:04:27,0.8281635565839441,0
2025-10-17 12:04:28,0.8567320219016414,0
2025-10-17 12:04:29,0.7809485653715346,0
2025-10-17 12:04:30,0.751187612277828,0
2025-10-17 12:04:31,0.7364229337918211,0
2025-10-17 12:04:32,0.7771849367960868,0
2025-10-17 12:04:33,0.7902486831109358,0
2025-10-17 12:04:34,0.7877919786272087,0
2025-10-17 12:04:35,0.6863918371138457,0
2025-10-17 12:04:36,0.6782104903303969,0
2025-10-17 12:04:37,0.627946008501953,0
2025-10-17 12:04:38,0.6294888230394526,0
2025-10-17 12:04:39,0.6826358277399278,0
2025-10-17 12:04:40,0.5758031894869653,0
2025-10-17 12:04:41,0.4998486925724913,0
2025-10-17 12:04:42,0.551839431972085,0
2025-10-17 12:04:43,0.45130415599796614,0
2025-10-17 12:04:44,0.4926328010952763,0
2025-10-17 12:04:45,5.454989294115734,1
2025-10-17 12:04:46,0.5669057141633187,0
2025-10-17 12:04:47,0.3366758548378269,0
2025-10-17 12:04:48,0.3851784853431429,0
2025-10-17 12:04:49,0.40319820051030436,0
2025-10-17 12:04:50,0.30712471778412515,0
2025-10-17 12:04:51,0.24408744120367112,0
2025-10-17 12:04:52,0.3274069452751353,0
2025-10-17 12:04:53,0.16439530927905815,0
2025-10-17 12:04:54,0.1239963475121646,0
2025-10-17 12:04:55,0.0873770190483125,0
2025-10-17 12:04:56,0.14365760972607944,0
2025-10-17 12:04:57,0.002647331165648248,0
2025-10-17 12:04:58,0.042178910134828294,0
2025-10-17 12:04:59,0.03936432786433329,0
2025-10-17 12:05:00,0.024154351845569754,0
2025-10-17 12:05:01,0.026648924890475233,0
2025-10-17 12:05:02,-0.0357400668790578,0
2025-10-17 12:05:03,-0.062233119671123244,0
2025-10-17 12:05:04,-0.07687267679316556,0
2025-10-17 12:05:05,-0.15971521713175083,0
2025-10-17 12:05:06,-0.1696459136360236,0
2025-10-17 12:05:07,-0.28585173820298737,0
2025-10-17 12:05:08,-0.2546298005405382,0
2025-10-17 12:05:09,-0.23245374164813137,0
2025-10-17 12:05:10,-0.3062333800730464,0
2025-10-17 12:05:11,-0.4199939340274048,0
2025-10-17 12:05:12,-0.4179591553176277,0
2025-10-17 12:05:13,-0.33446047399713985,0
2025-10-17 12:05:14,-0.4436123569431582,0
2025-10-17 12:05:15,-0.46055000375052685,0
2025-10-17 12:05:16,-0.5421763481986575,0
2025-10-17 12:05:17,-0.40316802540502067,0
2025-10-17 12:05:18,-0.4617243109100891,0
2025-10-17 12:05:19,-0.6163877062126002,0
2025-10-17 12:05:20,-0.5517045955903617,0
2025-10-17 12:05:21,-0.6421874538418366,0
2025-10-17 12:05:22,-0.6539512680365194,0
2025-10-17 12:05:23,-0.6903955271530358,0
2025-10-17 12:05:24,-0.7156930455959649,0
2025-10-17 12:05:25,-0.6544718826731029,0
2025-10-17 12:05:26,-0.7036530668304134,0
2025-10-17 12:05:27,-0.7934893830410745,0
2025-10-17 12:05:28,-0.8249983411309523,0
2025-10-17 12:05:29,-0.7840241161352964,0
2025-10-17 12:05:30,-0.9337004793135917,0
2025-10-17 12:05:31,-0.888973813699722,0
2025-10-17 12:05:32,-0.8424190195013352,0
2025-10-17 12:05:33,-0.9397549315885216,0
2025-10-17 12:05:34,-0.8282241802717097,0
2025-10-17 12:05:35,-1.0224460577702537,0
2025-10-17 12:05:36,-1.0256371403333744,0
2025-10-17 12:05:37,-0.9867952669522937,0
2025-10-17 12:05:38,-0.8429122616612644,0
2025-10-17 12:05:39,-0.918762209929236,0
2025-10-17 12:05:40,-0.9602935711100853,0
2025-10-17 12:05:41,-0.9072669114446941,0
2025-10-17 12:05:42,-0.9476828766059152,0
2025-10-17 12:05:43,-0.9403295061727605,0
2025-10-17 12:05:44,-0.9334255892148827,0
2025-10-17 12:05:45,-0.9532578686999628,0
2025-10-17 12:05:46,-0.9681960064629449,0
2025-10-17 12:05:47,-1.1049238650965487,0
2025-10-17 12:05:48,-0.9146860564423214,0
2025-10-17 12:05:49,3.9894612285143456,1
2025-10-17 12:05:50,-0.9683778528073822,0
2025-10-17 12:05:51,-0.9642700061254985,0
2025-10-17 12:05:52,-1.0420959097336502,0
2025-10-17 12:05:53,-0.9280686911971864,0
2025-10-17 12:05:54,-0.8944953578010707,0
2025-10-17 12:05:55,-0.957064413561218,0
2025-10-17 12:05:56,-0.9957228347243745,0
2025-10-17 12:05:57,-1.0000563500969444,0
2025-10-17 12:05:58,-1.0429636102791213,0
2025-10-17 12:05:59,-0.9851731245217558,0
2025-10-17 12:06:00,-0.9558324562987702,0
2025-10-17 12:06:01,-0.9956324438109968,0
2025-10-17 12:06:02,-0.8509460446149771,0
2025-10-17 12:06:03,-0.9142318239288778,0
2025-10-17 12:06:04,-0.9787410670077356,0
2025-10-17 12:06:05,-0.8799083365484381,0
2025-10-17 12:06:06,-0.7805792154234591,0
2025-10-17 12:06:07,-0.7830651212195391,0
2025-10-17 12:06:08,-0.8234017355096451,0
2025-10-17 12:06:09,-0.8348651180283768,0
2025-10-17 12:06:10,-0.759001193183671,0
2025-10-17 12:06:11,-0.6812837193100801,0
2025-10-17 12:06:12,-0.6812216954183381,0
2025-10-17 12:06:13,-0.6788082242991521,0
2025-10-17 12:06:14,-0.7423852059898112,0
2025-10-17 12:06:15,-0.7415774156020231,0
2025-10-17 12:06:16,-0.6764049469396465,0
2025-10-17 12:06:17,-0.5889130831938503,0
2025-10-17 12:06:18,-0.6719491405396544,0
2025-10-17 12:06:19,4.323627142594441,1
2025-10-17 12:06:20,-0.616798349104795,0
2025-10-17 12:06:21,-0.4908644289145871,0
2025-10-17 12:06:22,-0.5063270576685621,0
2025-10-17 12:06:23,-0.5159344502199321,0
2025-10-17 12:06:24,-0.43607714655495156,0
2025-10-17 12:06:25,-0.49011558637168734,0
2025-10-17 12:06:26,-0.4541054443914418,0
2025-10-17 12:06:27,-0.44294624297852425,0
2025-10-17 12:06:28,-0.33517187797170184,0
2025-10-17 12:06:29,-0.37137358283765726,0
2025-10-17 12:06:30,-0.23591403487397924,0
2025-10-17 12:06:31,-0.34247905247089877,0
2025-10-17 12:06:32,-0.2452641976098645,0
2025-10-17 12:06:33,-5.111994218532655,1
2025-10-17 12:06:34,-0.20685211264640002,0
2025-10-17 12:06:35,-0.13898713609241742,0
2025-10-17 12:06:36,-0.17305361601926308,0
2025-10-17 12:06:37,-0.1653301497054526,0
2025-10-17 12:06:38,-0.0884401678404039,0
2025-10-17 12:06:39,0.040200444597519217,0
2025-10-17 12:06:40,0.083024454039404,0
2025-10-17 12:06:41,0.03474509777110337,0
2025-10-17 12:06:42,0.023657822705621515,0
2025-10-17 12:06:43,0.09472911223238462,0
2025-10-17 12:06:44,0.0858759756713599,0
2025-10-17 12:06:45,0.1765896720151519,0
2025-10-17 12:06:46,0.2345131321145812,0
2025-10-17 12:06:47,0.24263497547807059,0
2025-10-17 12:06:48,0.24076968955234018,0
2025-10-17 12:06:49,0.4205068829568267,0
2025-10-17 12:06:50,0.2612754591913463,0
2025-10-17 12:06:51,0.307342450665476,0
2025-10-17 12:06:52,0.3160504219645698,0
2025-10-17 12:06:53,0.443359810281452,0
2025-10-17 12:06:54,0.3986725026203916,0
2025-10-17 12:06:55,0.5191337419545478,0
2025-10-17 12:06:56,0.5275354656061282,0
2025-10-17 12:06:57,0.5354052893563691,0
2025-10-17 12:06:58,0.6198024367034116,0
2025-10-17 12:06:59,0.4578581772304051,0
2025-10-17 12:07:00,0.6526572100173545,0
2025-10-17 12:07:01,0.7014821375684849,0
2025-10-17 12:07:02,0.6623305635144627,0
2025-10-17 12:07:03,0.5966918301692156,0
2025-10-17 12:07:04,0.7230835133213718,0
2025-10-17 12:07:05,0.680265217623157,0
2025-10-17 12:07:06,0.8553437098894647,0
2025-10-17 12:07:07,0.6931115330120002,0
2025-10-17 12:07:08,0.7667339657703421,0
2025-10-17 12:07:09,0.8522245680596862,0
2025-10-17 12:07:10,0.8522612780387323,0
2025-10-17 12:07:11,0.722819983427356,0
2025-10-17 12:07:12,0.9132935161239957,0
2025-10-17 12:07:13,0.8080734539118939,0
2025-10-17 12:07:14,0.9193508250377082,0
2025-10-17 12:07:15,0.8078563638733417,0
2025-10-17 12:07:16,0.9008687667443676,0
2025-10-17 12:07:17,5.9917727361733615,1
2025-10-17 12:07:18,0.9414315501508902,0
2025-10-17 12:07:19,0.9016666342856832,0
2025-10-17 12:07:20,0.8953064203939334,0
2025-10-17 12:07:21,0.9507578015172622,0
2025-10-17 12:07:22,0.992380205152097,0
2025-10-17 12:07:23,0.9232092806357628,0
2025-10-17 12:07:24,0.9190160014435134,0
2025-10-17 12:07:25,1.0528034143355711,0
2025-10-17 12:07:26,0.985702518252826,0
2025-10-17 12:07:27,0.9871264413369607,0
2025-10-17 12:07:28,0.9361919546503843,0
2025-10-17 12:07:29,1.0073795384217958,0
2025-10-17 12:07:30,0.9815637851002003,0
2025-10-17 12:07:31,1.0410737955227847,0
2025-10-17 12:07:32,0.9576833322453983,0
2025-10-17 12:07:33,1.0192962148032378,0
2025-10-17 12:07:34,1.0503627430279872,0
2025-10-17 12:07:35,0.953560953924115,0
2025-10-17 12:07:36,0.9880279262075305,0
2025-10-17 12:07:37,1.0867588233966343,0
2025-10-17 12:07:38,1.010480165692756,0
2025-10-17 12:07:39,0.9443915785349859,0
2025-10-17 12:07:40,0.9283490371308731,0
2025-10-17 12:07:41,0.8666730385918461,0
2025-10-17 12:07:42,0.8653747138455157,0
2025-10-17 12:07:43,0.8481765151944206,0
2025-10-17 12:07:44,0.8739931459677,0
2025-10-17 12:07:45,0.846199837966207,0
2025-10-17 12:07:46,0.9396719936546535,0
2025-10-17 12:07:47,0.9137965721073527,0
2025-10-17 12:07:48,0.89346978406627,0
2025-10-17 12:07:49,0.7415446160496159,0
2025-10-17 12:07:50,0.8377342516167824,0
2025-10-17 12:07:51,0.7482109484200132,0
2025-10-17 12:07:52,0.7068433597608026,0
2025-10-17 12:07:53,0.8022506058425785,0
2025-10-17 12:07:54,0.7508147965366936,0
2025-10-17 12:07:55,0.6693648983345866,0
2025-10-17 12:07:56,0.6888266900521454,0
2025-10-17 12:07:57,0.6654301822654255,0
2025-10-17 12:07:58,0.6595629248910855,0
2025-10-17 12:07:59,0.5080772173441026,0
2025-10-17 12:08:00,0.6223687263472496,0
2025-10-17 12:08:01,0.5360810321720174,0
2025-10-17 12:08:02,0.5095463970231797,0
2025-10-17 12:08:03,0.41918447763767486,0
2025-10-17 12:08:04,0.5334507385000048,0
2025-10-17 12:08:05,0.46027491872778237,0
2025-10-17 12:08:06,0.4371281085705008,0
2025-10-17 12:08:07,0.31373689239618163,0
2025-10-17 12:08:08,0.3873334255184725,0
2025-10-17 12:08:09,0.29315176235870055,0
2025-10-17 12:08:10,0.21910788932258923,0
2025-10-17 12:08:11,0.1982648112168039,0
2025-10-17 12:08:12,0.16764648846884864,0
2025-10-17 12:08:13,0.271524727206307,0
2025-10-17 12:08:14,0.19814765232831624,0
2025-10-17 12:08:15,0.10680212174383263,0
2025-10-17 12:08:16,0.11945380669490249,0
2025-10-17 12:08:17,0.10818396101015304,0
2025-10-17 12:08:18,0.07890733413168338,0
2025-10-17 12:08:19,0.05382986576026297,0
2025-10-17 12:08:20,-0.00468909221837277,0
2025-10-17 12:08:21,-0.010222999978671932,0
2025-10-17 12:08:22,-0.039223303937668035,0
2025-10-17 12:08:23,-0.1501199160041259,0
2025-10-17 12:08:24,-0.08272241255417137,0
2025-10-17 12:08:25,-0.2361184117015102,0
2025-10-17 12:08:26,-0.11641064480425631,0
2025-10-17 12:08:27,-0.3640108123707908,0
2025-10-17 12:08:28,-0.2740558722042342,0
2025-10-17 12:08:29,-0.30460077494525606,0
2025-10-17 12:08:30,-0.3950755268254451,0
2025-10-17 12:08:31,-0.3432826700586113,0
2025-10-17 12:08:32,-0.38650325703916977,0
2025-10-17 12:08:33,-0.48932060481439654,0
2025-10-17 12:08:34,-0.38097874445218044,0
2025-10-17 12:08:35,-0.5381588214980048,0
2025-10-17 12:08:36,-0.4915028889819452,0
2025-10-17 12:08:37,-0.6062920332407655,0
2025-10-17 12:08:38,-0.4615677512924038,0
2025-10-17 12:08:39,-0.6248829203301675,0
2025-10-17 12:08:40,-0.6864438992509379,0
2025-10-17 12:08:41,-0.6511445138096391,0
2025-10-17 12:08:42,-0.5691260881705534,0
2025-10-17 12:08:43,-0.6424295095700835,0
2025-10-17 12:08:44,-0.623314292430879,0
2025-10-17 12:08:45,-0.6961488641619109,0
2025-10-17 12:08:46,-0.6817280003118362,0
2025-10-17 12:08:47,-0.8009650234623064,0
2025-10-17 12:08:48,-0.7764029428798893,0
2025-10-17 12:08:49,-0.771529942458415,0
2025-10-17 12:08:50,-0.9014697375328864,0
2025-10-17 12:08:51,-0.8214749007557458,0
2025-10-17 12:08:52,-0.8264788130611845,0
2025-10-17 12:08:53,-0.8083270632710584,0
2025-10-17 12:08:54,-0.9816005768782755,0
2025-10-17 12:08:55,-0.8537113983577064,0
2025-10-17 12:08:56,-0.9070374558275122,0
2025-10-17 12:08:57,-0.9444736446766611,0
2025-10-17 12:08:58,-0.8988606108250438,0
2025-10-17 12:08:59,-0.93232208305793,0
2025-10-17 12:09:00,4.0526802136456155,1
2025-10-17 12:09:01,-1.0174744841973327,0
2025-10-17 12:09:02,-0.9382140023943125,0
2025-10-17 12:09:03,-6.063450365056447,1
2025-10-17 12:09:04,-0.9387912223532894,0
2025-10-17 12:09:05,-0.9852434168471895,0
2025-10-17 12:09:06,-0.8685959234835934,0
2025-10-17 12:09:07,-0.9783494663417052,0
2025-10-17 12:09:08,-1.0212451639210536,0
2025-10-17 12:09:09,-0.9362870406232232,0
2025-10-17 12:09:10,-1.0138869722774515,0
2025-10-17 12:09:11,-1.0505885358888145,0
2025-10-17 12:09:12,-0.9320430833977973,0
2025-10-17 12:09:13,-0.9882567943722017,0
2025-10-17 12:09:14,-1.0445345801438646,0
2025-10-17 12:09:15,-0.9256528489322673,0
2025-10-17 12:09:16,-0.8802534217286138,0
2025-10-17 12:09:17,-0.9170818193945143,0
2025-10-17 12:09:18,-5.889177147853536,1
2025-10-17 12:09:19,-0.8951932256703086,0
2025-10-17 12:09:20,-0.9525370273400228,0
2025-10-17 12:09:21,-0.9086795873146638,0
2025-10-17 12:09:22,-0.8978151110259575,0
2025-10-17 12:09:23,-0.9206231854637961,0
2025-10-17 12:09:24,-0.8285436235295697,0
2025-10-17 12:09:25,-0.8424987462043229,0
2025-10-17 12:09:26,-0.8322232595407488,0
2025-10-17 12:09:27,-0.8925711551074671,0
2025-10-17 12:09:28,-0.719728720935193,0
2025-10-17 12:09:29,-0.8946272655168288,0
2025-10-17 12:09:30,-0.8230779689752915,0
2025-10-17 12:09:31,-0.8444793778689532,0
2025-10-17 12:09:32,-0.75611018521425,0
2025-10-17 12:09:33,-0.7541860930258278,0
2025-10-17 12:09:34,-0.7852737962343669,0
2025-10-17 12:09:35,-0.6438386614383709,0
2025-10-17 12:09:36,-0.579500357462355,0
2025-10-17 12:09:37,-0.5970321401029585,0
2025-10-17 12:09:38,-0.6642333769658629,0
2025-10-17 12:09:39,-0.5846165932994297,0
2025-10-17 12:09:40,-0.5461405813461153,0
2025-10-17 12:09:41,-0.551784793236399,0
2025-10-17 12:09:42,-0.5085140029712315,0
2025-10-17 12:09:43,-0.49279141324413206,0
2025-10-17 12:09:44,-0.4164786911169188,0
2025-10-17 12:09:45,-0.4255542954290343,0
2025-10-17 12:09:46,-0.26616923983011503,0
2025-10-17 12:09:47,-0.4060441910594609,0
2025-10-17 12:09:48,-0.3687665980459973,0
2025-10-17 12:09:49,-0.351128742333809,0
2025-10-17 12:09:50,-0.30010180678589715,0
2025-10-17 12:09:51,-0.2657424107493371,0
2025-10-17 12:09:52,-0.13230689387593986,0
2025-10-17 12:09:53,-0.20034096564856058,0
2025-10-17 12:09:54,-0.0954539268241713,0
2025-10-17 12:09:55,-0.1433414025729062,0
2025-10-17 12:09:56,-0.19513786829154217,0
2025-10-17 12:09:57,-0.031608447066910905,0
2025-10-17 12:09:58,-0.043212323772006386,0
2025-10-17 12:09:59,-0.024853407970272696,0
2025-10-17 12:10:00,0.03863900550396205,0
2025-10-17 12:10:01,-0.028249495457798306,0
2025-10-17 12:10:02,0.055527436641766584,0
2025-10-17 12:10:03,0.08409704995397568,0
2025-10-17 12:10:04,0.17820717291468124,0
2025-10-17 12:10:05,0.14498298516238045,0
2025-10-17 12:10:06,0.16722956350906312,0
2025-10-17 12:10:07,0.2877608303446086,0
2025-10-17 12:10:08,0.2504290817715215,0
2025-10-17 12:10:09,0.2879125963918513,0
2025-10-17 12:10:10,0.3058674145600697,0
2025-10-17 12:10:11,0.3887614168873761,0
2025-10-17 12:10:12,0.39602012591503366,0
2025-10-17 12:10:13,0.5223993768307319,0
2025-10-17 12:10:14,0.3734394828792327,0
2025-10-17 12:10:15,0.5094553202802957,0
2025-10-17 12:10:16,0.5309867424462453,0
2025-10-17 12:10:17,0.5289529697378595,0
2025-10-17 12:10:18,0.559627873282128,0
2025-10-17 12:10:19,0.6543571210036349,0
2025-10-17 12:10:20,0.6042813320743667,0
2025-10-17 12:10:21,0.6320555802890309,0
2025-10-17 12:10:22,0.6696725811664777,0
2025-10-17 12:10:23,0.718104528393807,0
2025-10-17 12:10:24,0.7064884630020906,0
2025-10-17 12:10:25,0.7907589138573612,0
2025-10-17 12:10:26,0.7425530699245922,0
2025-10-17 12:10:27,0.8313701210298852,0
2025-10-17 12:10:28,0.7473129599087743,0
2025-10-17 12:10:29,0.8024672357845223,0
2025-10-17 12:10:30,0.8647579816027194,0
2025-10-17 12:10:31,5.853825520130949,1
2025-10-17 12:10:32,0.8875828015157906,0
2025-10-17 12:10:33,0.8386597907768134,0
2025-10-17 12:10:34,0.7794210872801397,0
2025-10-17 12:10:35,0.8731324375357926,0
2025-10-17 12:10:36,0.8686644201633832,0
2025-10-17 12:10:37,0.9351013011760041,0
2025-10-17 12:10:38,0.9172630182371191,0
2025-10-17 12:10:39,0.9564561039580453,0
2025-10-17 12:10:40,0.9650710695664917,0
2025-10-17 12:10:41,0.9616608692544241,0
2025-10-17 12:10:42,0.9174293836003192,0
2025-10-17 12:10:43,0.9432027524423058,0
2025-10-17 12:10:44,1.0153199467701843,0
2025-10-17 12:10:45,1.0221058473111815,0
2025-10-17 12:10:46,0.9375268262294127,0
2025-10-17 12:10:47,1.0930000398133917,0
2025-10-17 12:10:48,1.043069215688393,0
2025-10-17 12:10:49,0.9983458111691963,0
2025-10-17 12:10:50,0.9941322742316613,0
2025-10-17 12:10:51,1.0186740372581449,0
2025-10-17 12:10:52,0.9485115571751989,0
2025-10-17 12:10:53,0.9615457273480419,0
2025-10-17 12:10:54,0.9588857147547777,0
2025-10-17 12:10:55,0.9678541300298539,0
2025-10-17 12:10:56,0.9922093983020791,0
2025-10-17 12:10:57,1.0436174739985629,0
2025-10-17 12:10:58,1.004541171683974,0
2025-10-17 12:10:59,1.0483654804412272,0
2025-10-17 12:11:00,1.0019793578945808,0
2025-10-17 12:11:01,0.9750355048083437,0
2025-10-17 12:11:02,0.9000034875791476,0
2025-10-17 12:11:03,0.9104169380364271,0
2025-10-17 12:11:04,0.868606304307044,0
2025-10-17 12:11:05,0.8508328406934879,0
2025-10-17 12:11:06,0.7998461354443319,0
2025-10-17 12:11:07,0.8862638008853393,0
2025-10-17 12:11:08,0.7872525386041831,0
2025-10-17 12:11:09,0.7779547942679086,0
2025-10-17 12:11:10,0.7587336842034622,0
2025-10-17 12:11:11,0.7058847042553839,0
2025-10-17 12:11:12,0.6929530033754424,0
2025-10-17 12:11:13,0.8173721136869948,0
2025-10-17 12:11:14,0.7450096865048339,0
2025-10-17 12:11:15,0.6484464898533248,0
2025-10-17 12:11:16,0.6481106998307478,0
2025-10-17 12:11:17,0.7212784836909607,0
2025-10-17 12:11:18,0.636737578080357,0
2025-10-17 12:11:19,0.5366528035889127,0
2025-10-17 12:11:20,0.5773464144831482,0
2025-10-17 12:11:21,0.5596934314998777,0
2025-10-17 12:11:22,0.5485121335764737,0
2025-10-17 12:11:23,0.44300484240832505,0
2025-10-17 12:11:24,0.4610296832765062,0
2025-10-17 12:11:25,0.38960049996333923,0
2025-10-17 12:11:26,0.37336102067321025,0
2025-10-17 12:11:27,0.4764664123938115,0
2025-10-17 12:11:28,0.3177407626669815,0
2025-10-17 12:11:29,0.34676902916332575,0
2025-10-17 12:11:30,0.2971313527688157,0
2025-10-17 12:11:31,0.2299616416949886,0
2025-10-17 12:11:32,0.21749720953428223,0
2025-10-17 12:11:33,0.16464952683596837,0
2025-10-17 12:11:34,0.11917940453855394,0
2025-10-17 12:11:35,0.05410521115741454,0
2025-10-17 12:11:36,0.08120475949473312,0
2025-10-17 12:11:37,0.13185109368079256,0
2025-10-17 12:11:38,0.0448595644266163,0
2025-10-17 12:11:39,-4.690806621141311e-06,0
2025-10-17 12:11:40,-0.049210070805705115,0
2025-10-17 12:11:41,-0.09841651359841892,0
2025-10-17 12:11:42,-0.08480925286932653,0
2025-10-17 12:11:43,-0.12160718638060368,0
2025-10-17 12:11:44,-0.2170893962610564,0
2025-10-17 12:11:45,-0.22044891882140336,0
2025-10-17 12:11:46,-0.237870746905546,0
2025-10-17 12:11:47,-0.2799727278010852,0
2025-10-17 12:11:48,-0.39839643798255253,0
2025-10-17 12:11:49,-0.4137728166719724,0
2025-10-17 12:11:50,-0.42269809182634677,0
2025-10-17 12:11:51,-0.2819539829021193,0
2025-10-17 12:11:52,-0.3948493452546554,0
2025-10-17 12:11:53,-0.45593964880015414,0
2025-10-17 12:11:54,-0.441153618227476,0
2025-10-17 12:11:55,-0.43199569523150594,0
2025-10-17 12:11:56,-5.498393478550327,1
2025-10-17 12:11:57,-0.5694996023394157,0
2025-10-17 12:11:58,-0.5663144937349399,0
2025-10-17 12:11:59,-0.6500269181398843,0
2025-10-17 12:12:00,-0.5598363118014514,0
2025-10-17 12:12:01,-0.6523180134793918,0
2025-10-17 12:12:02,-0.6306596630181384,0
2025-10-17 12:12:03,-0.6615334774454323,0
2025-10-17 12:12:04,-0.7440500290853984,0
2025-10-17 12:12:05,-0.679584186375989,0
2025-10-17 12:12:06,-0.6846881876648083,0
2025-10-17 12:12:07,-0.7855684414810181,0
2025-10-17 12:12:08,-0.8067805275400972,0
2025-10-17 12:12:09,-0.8879374815445606,0
2025-10-17 12:12:10,-0.8292845946238454,0
2025-10-17 12:12:11,-0.8948442954638286,0
2025-10-17 12:12:12,-0.9004173191274505,0
2025-10-17 12:12:13,-0.8560197503819886,0
2025-10-17 12:12:14,-0.892782102948527,0
2025-10-17 12:12:15,-0.9246368930511082,0
2025-10-17 12:12:16,-0.8581077503259371,0
2025-10-17 12:12:17,-0.9667107427515625,0
2025-10-17 12:12:18,-1.0025041625475863,0
2025-10-17 12:12:19,-0.9545684559005262,0
2025-10-17 12:12:20,-0.980177626117992,0
2025-10-17 12:12:21,-1.0122528700458993,0
2025-10-17 12:12:22,-0.9776506969949346,0
2025-10-17 12:12:23,-0.9794842075523577,0
2025-10-17 12:12:24,-1.0563653021695152,0
2025-10-17 12:12:25,-1.0891011643327517,0
2025-10-17 12:12:26,-0.9066734314016749,0
2025-10-17 12:12:27,-1.028096672982875,0
2025-10-17 12:12:28,-1.0117018285047668,0
2025-10-17 12:12:29,-1.0450939596249749,0
2025-10-17 12:12:30,-0.9706229472415723,0
2025-10-17 12:12:31,-1.0663173883562127,0
2025-10-17 12:12:32,-0.992478539518304,0
2025-10-17 12:12:33,-0.9698380952151898,0
2025-10-17 12:12:34,-0.9981906185674971,0
2025-10-17 12:12:35,-0.9744000870040067,0
2025-10-17 12:12:36,-0.9884327959672392,0
2025-10-17 12:12:37,-0.9506535735714184,0
2025-10-17 12:12:38,-1.019441588717575,0
2025-10-17 12:12:39,-1.0182067914041761,0
2025-10-17 12:12:40,-0.9158825995745543,0
2025-10-17 12:12:41,-0.936969507732522,0
2025-10-17 12:12:42,-0.8760797779497143,0
2025-10-17 12:12:43,-0.9015654355864126,0
2025-10-17 12:12:44,-0.850871115535783,0
2025-10-17 12:12:45,-5.814104857817258,1
2025-10-17 12:12:46,-0.9240844022305873,0
2025-10-17 12:12:47,4.136004440813325,1
2025-10-17 12:12:48,-0.8337166265618794,0
2025-10-17 12:12:49,-0.8587512756928226,0
2025-10-17 12:12:50,-0.7659238719030642,0
2025-10-17 12:12:51,-0.7511025383261174,0
2025-10-17 12:12:52,-0.7393545597457623,0
2025-10-17 12:12:53,-0.7622504463935481,0
2025-10-17 12:12:54,-0.6935746075178628,0
2025-10-17 12:12:55,-0.594145313501503,0
2025-10-17 12:12:56,-0.8422811653044586,0
2025-10-17 12:12:57,-0.6957530004189377,0
2025-10-17 12:12:58,-0.5671469659627203,0
2025-10-17 12:12:59,-0.6008071516662116,0
2025-10-17 12:13:00,-0.5516510486293018,0
2025-10-17 12:13:01,-0.5357829082112232,0
2025-10-17 12:13:02,-0.5080076726254678,0
2025-10-17 12:13:03,-0.540317847735984,0
2025-10-17 12:13:04,-0.3364020348844322,0
2025-10-17 12:13:05,-0.45760034618493955,0
2025-10-17 12:13:06,-0.3527660890349621,0
2025-10-17 12:13:07,-0.3577053480896414,0
2025-10-17 12:13:08,-0.29615670784446024,0
2025-10-17 12:13:09,-0.30104749414301046,0
2025-10-17 12:13:10,-0.2873448711835683,0
2025-10-17 12:13:11,-0.26110620612382807,0
2025-10-17 12:13:12,-0.18461407494874643,0
2025-10-17 12:13:13,-0.16758527578522597,0
2025-10-17 12:13:14,-0.12702859533615207,0
2025-10-17 12:13:15,-0.11450892808471153,0
2025-10-17 12:13:16,-0.01170077441267564,0
2025-10-17 12:13:17,-0.07561885045979234,0
2025-10-17 12:13:18,-0.09496544789130784,0
2025-10-17 12:13:19,0.093923695370408,0
2025-10-17 12:13:20,0.027100091541230022,0
2025-10-17 12:13:21,0.07378773332674252,0
2025-10-17 12:13:22,0.07222367523133559,0
2025-10-17 12:13:23,-0.03505576297511552,0
2025-10-17 12:13:24,0.1557032369029147,0
2025-10-17 12:13:25,-4.8844720042900915,1
2025-10-17 12:13:26,0.21864187109484756,0
2025-10-17 12:13:27,0.28812483642072567,0
2025-10-17 12:13:28,0.26154962872183546,0
2025-10-17 12:13:29,0.29146660375769445,0
2025-10-17 12:13:30,0.32347501194138456,0
2025-10-17 12:13:31,0.3467677957111782,0
2025-10-17 12:13:32,0.40679871772621257,0
2025-10-17 12:13:33,0.4296236282914082,0
2025-10-17 12:13:34,0.42229614295471535,0
2025-10-17 12:13:35,0.539289763370368,0
2025-10-17 12:13:36,0.4989935117742338,0
2025-10-17 12:13:37,0.5458998138712188,0
2025-10-17 12:13:38,0.5550698600195552,0
2025-10-17 12:13:39,0.6661097981835558,0
2025-10-17 12:13:40,0.5092303850482673,0
2025-10-17 12:13:41,0.5825259663080211,0
2025-10-17 12:13:42,0.715638566002012,0
2025-10-17 12:13:43,0.7100740199064636,0
2025-10-17 12:13:44,0.6324061786285718,0
2025-10-17 12:13:45,0.7510629857822168,0
2025-10-17 12:13:46,0.7194859920812221,0
2025-10-17 12:13:47,0.8098394198874989,0
2025-10-17 12:13:48,0.833659872370136,0
2025-10-17 12:13:49,0.8598354233312651,0
2025-10-17 12:13:50,0.8433219722500758,0
2025-10-17 12:13:51,0.8334539608323993,0
2025-10-17 12:13:52,0.8826819501968005,0
2025-10-17 12:13:53,0.9046427120914304,0
2025-10-17 12:13:54,0.8471966784322793,0
2025-10-17 12:13:55,0.9409982437158848,0
2025-10-17 12:13:56,0.950410518292391,0
2025-10-17 12:13:57,0.8939624480372875,0
2025-10-17 12:13:58,0.9765822498045276,0
2025-10-17 12:13:59,0.9430335489842075,0
2025-10-17 12:14:00,0.9474097461433586,0
2025-10-17 12:14:01,0.9322378187930042,0
2025-10-17 12:14:02,0.9616137822079559,0
2025-10-17 12:14:03,0.8806013460507092,0
2025-10-17 12:14:04,0.9924614984003234,0
2025-10-17 12:14:05,0.9981432465289138,0
2025-10-17 12:14:06,0.9934436584885495,0
2025-10-17 12:14:07,0.9293914424532301,0
2025-10-17 12:14:08,0.9962114883195802,0
2025-10-17 12:14:09,0.9667941811809373,0
2025-10-17 12:14:10,1.0274548040823315,0
2025-10-17 12:14:11,0.9521246077761915,0
2025-10-17 12:14:12,0.9523149718917008,0
2025-10-17 12:14:13,1.108652347407848,0
2025-10-17 12:14:14,1.011427597652993,0
2025-10-17 12:14:15,0.981547515646461,0
2025-10-17 12:14:16,0.9850948327668696,0
2025-10-17 12:14:17,1.0431434158105768,0
2025-10-17 12:14:18,0.8918827197151372,0
2025-10-17 12:14:19,0.9940843781852159,0
2025-10-17 12:14:20,0.9364658775225188,0
2025-10-17 12:14:21,0.8302717530748958,0
2025-10-17 12:14:22,0.8801519330400909,0
2025-10-17 12:14:23,0.8568976281537248,0
2025-10-17 12:14:24,0.9289463640376996,0
2025-10-17 12:14:25,0.8356015048037876,0
2025-10-17 12:14:26,0.8917117717220114,0
2025-10-17 12:14:27,0.8796526428917462,0
2025-10-17 12:14:28,0.7683342430937145,0
2025-10-17 12:14:29,0.715996790569257,0
2025-10-17 12:14:30,0.8110413827131752,0
2025-10-17 12:14:31,0.6411738636854993,0
2025-10-17 12:14:32,0.7569321834352509,0
2025-10-17 12:14:33,0.7654269083591507,0
2025-10-17 12:14:34,0.7264146213258849,0
2025-10-17 12:14:35,5.715181875167461,1
2025-10-17 12:14:36,0.6838213456054262,0
2025-10-17 12:14:37,0.7108732430435336,0
2025-10-17 12:14:38,0.5707936673885847,0
2025-10-17 12:14:39,0.5874966194924396,0
2025-10-17 12:14:40,0.5269447337770088,0
2025-10-17 12:14:41,0.5500825069897476,0
2025-10-17 12:14:42,0.4777819047643345,0
2025-10-17 12:14:43,0.39234430393284914,0
2025-10-17 12:14:44,0.5439116311061555,0
2025-10-17 12:14:45,0.46410075255691524,0
2025-10-17 12:14:46,0.40319419400301354,0
2025-10-17 12:14:47,-4.63896591774135,1
2025-10-17 12:14:48,0.448553958791588,0
2025-10-17 12:14:49,0.27063539543120385,0
2025-10-17 12:14:50,0.15282373533173613,0
2025-10-17 12:14:51,0.293958234361313,0
2025-10-17 12:14:52,0.2745777449690466,0
2025-10-17 12:14:53,0.2122142176309925,0
2025-10-17 12:14:54,0.16938170777877826,0
2025-10-17 12:14:55,0.0841321175531489,0
2025-10-17 12:14:56,0.1174473987617554,0
2025-10-17 12:14:57,-0.01463749580683714,0
2025-10-17 12:14:58,-0.04984062303508451,0
2025-10-17 12:14:59,0.001423715887615366,0
2025-10-17 12:15:00,-0.04751191028192597,0
2025-10-17 12:15:01,-0.024302295159915548,0
2025-10-17 12:15:02,-0.06310337896093385,0
2025-10-17 12:15:03,-0.08609477928231984,0
2025-10-17 12:15:04,-0.16160253774241778,0
2025-10-17 12:15:05,-0.21785090918382488,0
2025-10-17 12:15:06,-0.23179448356902493,0
2025-10-17 12:15:07,-0.26961027378936214,0
2025-10-17 12:15:08,-0.34448019131427216,0
2025-10-17 12:15:09,-0.23257363163175626,0
2025-10-17 12:15:10,-0.2983035970704633,0
2025-10-17 12:15:11,-0.31352718592543,0
2025-10-17 12:15:12,-0.4592844381701811,0
2025-10-17 12:15:13,-0.3580567132768114,0
2025-10-17 12:15:14,-0.5218201653547228,0
2025-10-17 12:15:15,-0.5177831471526351,0
2025-10-17 12:15:16,-0.45188185674278913,0
2025-10-17 12:15:17,-0.43901706650408207,0
2025-10-17 12:15:18,-0.5289615586952012,0
2025-10-17 12:15:19,-0.583381242487068,0
2025-10-17 12:15:20,-0.5922517436451047,0
2025-10-17 12:15:21,-0.6126612923287389,0
2025-10-17 12:15:22,-0.6157845697247878,0
2025-10-17 12:15:23,-0.6617603633016947,0
2025-10-17 12:15:24,-0.72581847571708,0
2025-10-17 12:15:25,-0.7821595018750407,0
2025-10-17 12:15:26,-0.7452214155747174,0
2025-10-17 12:15:27,-0.804938866936483,0
2025-10-17 12:15:28,-0.6841515575269959,0
2025-10-17 12:15:29,-0.8047615632382966,0
2025-10-17 12:15:30,-0.88274557357454,0
2025-10-17 12:15:31,-0.8909276251687043,0
2025-10-17 12:15:32,-0.8618174089361744,0
2025-10-17 12:15:33,-0.8149085485630693,0
2025-10-17 12:15:34,-0.880202902641255,0
2025-10-17 12:15:35,-0.9106184325819329,0
2025-10-17 12:15:36,-0.9020380187447701,0
2025-10-17 12:15:37,-0.9859446285372523,0
2025-10-17 12:15:38,-5.8805954496770285,1
2025-10-17 12:15:39,-0.9039626848157658,0
2025-10-17 12:15:40,-0.9863297464026592,0
2025-10-17 12:15:41,-0.9912522356276191,0
2025-10-17 12:15:42,-0.9101250122497823,0
2025-10-17 12:15:43,-0.9920483173872205,0
2025-10-17 12:15:44,-0.9769130922108552,0
2025-10-17 12:15:45,-1.0130996551251705,0
2025-10-17 12:15:46,-1.072069036502033,0
2025-10-17 12:15:47,-0.8832797671957412,0
2025-10-17 12:15:48,-0.9711946450813413,0
2025-10-17 12:15:49,-0.9855070735254594,0
2025-10-17 12:15:50,-0.9731460657648825,0
2025-10-17 12:15:51,-0.9702400331232335,0
2025-10-17 12:15:52,-1.01274440880633,0
2025-10-17 12:15:53,-0.9680735987827205,0
2025-10-17 12:15:54,-0.9833366447544504,0
2025-10-17 12:15:55,-1.0387599040294293,0
2025-10-17 12:15:56,-1.0010359532595605,0
2025-10-17 12:15:57,-0.9503453632872454,0
2025-10-17 12:15:58,-0.9263092568630742,0
2025-10-17 12:15:59,-0.8846132844665172,0
2025-10-17 12:16:00,-0.9274009394194747,0
2025-10-17 12:16:01,-0.9402126358024826,0
2025-10-17 12:16:02,-0.9001677058974409,0
2025-10-17 12:16:03,-0.8946964793982836,0
2025-10-17 12:16:04,-0.9262613036574214,0
2025-10-17 12:16:05,-0.9158666071319294,0
2025-10-17 12:16:06,-0.8686023847812879,0
2025-10-17 12:16:07,-5.81039051626035,1
2025-10-17 12:16:08,-0.834439910034959,0
2025-10-17 12:16:09,-0.7542862451722567,0
2025-10-17 12:16:10,-0.7886725447940597,0
2025-10-17 12:16:11,-0.7561501164574006,0
2025-10-17 12:16:12,-0.6741514051893339,0
2025-10-17 12:16:13,-0.6826612243386684,0
2025-10-17 12:16:14,-0.6726449358726634,0
2025-10-17 12:16:15,-0.7161022365235519,0
2025-10-17 12:16:16,-0.6686628789730106,0
2025-10-17 12:16:17,-0.5847913862892722,0
2025-10-17 12:16:18,-0.6237311131305535,0
2025-10-17 12:16:19,-0.5583919471480436,0
2025-10-17 12:16:20,-0.5510438291630448,0
2025-10-17 12:16:21,-0.526847460488872,0
2025-10-17 12:16:22,-0.477948339192389,0
2025-10-17 12:16:23,4.440376967314315,1
2025-10-17 12:16:24,-0.5510675550640087,0
2025-10-17 12:16:25,-0.3497317047501868,0
2025-10-17 12:16:26,-0.39788137707411725,0
2025-10-17 12:16:27,-0.3451798754304295,0
2025-10-17 12:16:28,-0.24430043840049176,0
2025-10-17 12:16:29,-0.34464138320402293,0
2025-10-17 12:16:30,-0.2934606784064998,0
2025-10-17 12:16:31,-0.2789339588421284,0
2025-10-17 12:16:32,-0.16311653619798322,0
2025-10-17 12:16:33,-0.26837674996027927,0
2025-10-17 12:16:34,-0.23451884431417347,0
2025-10-17 12:16:35,-0.1359938278942901,0
2025-10-17 12:16:36,-0.05707133923032593,0
2025-10-17 12:16:37,-0.05078767530352612,0
2025-10-17 12:16:38,0.0017826766281828152,0
2025-10-17 12:16:39,0.025557750028227626,0
